Time,Latitude,Longitude,Message,Type
16:44,1.3252616046298353,103.66099621510627,(29/10)16:25 Accident on AYE (towards Tuas) after Tuas Rd Exit. Avoid lane 2.,Accident
16:44,1.3252671133302498,103.66101256833451,(29/10)16:25 Vehicle breakdown on AYE (towards Tuas) after Tuas Rd Exit. Avoid lane 2.,Vehicle breakdown
16:44,1.3015835102242435,103.83515691360388,(29/10)16:13 Vehicle breakdown on Orchard Turn near Orchard Link/Orchard Turn Junction.,Vehicle breakdown
16:44,1.301945627275381,103.83459549352423,(29/10)16:09 Heavy Traffic on Orchard Turn (towards Orchard Boulevard) after Orchard Link.,Heavy Traffic
16:46,1.3252616046298353,103.66099621510627,(29/10)16:25 Accident on AYE (towards Tuas) after Tuas Rd Exit. Avoid lane 2.,Accident
16:46,1.3252671133302498,103.66101256833451,(29/10)16:25 Vehicle breakdown on AYE (towards Tuas) after Tuas Rd Exit. Avoid lane 2.,Vehicle breakdown
16:46,1.3015835102242435,103.83515691360388,(29/10)16:13 Vehicle breakdown on Orchard Turn near Orchard Link/Orchard Turn Junction.,Vehicle breakdown
16:46,1.301945627275381,103.83459549352423,(29/10)16:09 Heavy Traffic on Orchard Turn (towards Orchard Boulevard) after Orchard Link.,Heavy Traffic
16:48,1.3252671133302498,103.66101256833451,(29/10)16:25 Vehicle breakdown on AYE (towards Tuas) after Tuas Rd Exit. Avoid lane 2.,Vehicle breakdown
16:48,1.3015835102242435,103.83515691360388,(29/10)16:13 Vehicle breakdown on Orchard Turn near Orchard Link/Orchard Turn Junction.,Vehicle breakdown
16:48,1.301945627275381,103.83459549352423,(29/10)16:09 Heavy Traffic on Orchard Turn (towards Orchard Boulevard) after Orchard Link.,Heavy Traffic
16:50,1.3252671133302498,103.66101256833451,(29/10)16:25 Vehicle breakdown on AYE (towards Tuas) after Tuas Rd Exit. Avoid lane 2.,Vehicle breakdown
16:50,1.3015835102242435,103.83515691360388,(29/10)16:13 Vehicle breakdown on Orchard Turn near Orchard Link/Orchard Turn Junction.,Vehicle breakdown
16:50,1.301945627275381,103.83459549352423,(29/10)16:09 Heavy Traffic on Orchard Turn (towards Orchard Boulevard) after Orchard Link.,Heavy Traffic
16:52,1.3252671133302498,103.66101256833451,(29/10)16:25 Vehicle breakdown on AYE (towards Tuas) after Tuas Rd Exit. Avoid lane 2.,Vehicle breakdown
16:52,1.3015835102242435,103.83515691360388,(29/10)16:13 Vehicle breakdown on Orchard Turn near Orchard Link/Orchard Turn Junction.,Vehicle breakdown
16:52,1.301945627275381,103.83459549352423,(29/10)16:09 Heavy Traffic on Orchard Turn (towards Orchard Boulevard) after Orchard Link.,Heavy Traffic
16:54,1.3252671133302498,103.66101256833451,(29/10)16:25 Vehicle breakdown on AYE (towards Tuas) after Tuas Rd Exit. Avoid lanes 2 and 3.,Vehicle breakdown
16:54,1.3015835102242435,103.83515691360388,(29/10)16:13 Vehicle breakdown on Orchard Turn near Orchard Link/Orchard Turn Junction.,Vehicle breakdown
16:54,1.301945627275381,103.83459549352423,(29/10)16:09 Heavy Traffic on Orchard Turn (towards Orchard Boulevard) after Orchard Link.,Heavy Traffic
16:56,1.3252671133302498,103.66101256833451,(29/10)16:25 Vehicle breakdown on AYE (towards Tuas) after Tuas Rd Exit. Avoid lanes 2 and 3.,Vehicle breakdown
16:56,1.3015835102242435,103.83515691360388,(29/10)16:13 Vehicle breakdown on Orchard Turn near Orchard Link/Orchard Turn Junction.,Vehicle breakdown
16:56,1.301945627275381,103.83459549352423,(29/10)16:09 Heavy Traffic on Orchard Turn (towards Orchard Boulevard) after Orchard Link.,Heavy Traffic
16:58,1.3015835102242435,103.83515691360388,(29/10)16:13 Vehicle breakdown on Orchard Turn near Orchard Link/Orchard Turn Junction.,Vehicle breakdown
16:58,1.301945627275381,103.83459549352423,(29/10)16:09 Heavy Traffic on Orchard Turn (towards Orchard Boulevard) after Orchard Link.,Heavy Traffic
17:00,1.3015835102242435,103.83515691360388,(29/10)16:13 Vehicle breakdown on Orchard Turn near Orchard Link/Orchard Turn Junction.,Vehicle breakdown
17:00,1.301945627275381,103.83459549352423,(29/10)16:09 Heavy Traffic on Orchard Turn (towards Orchard Boulevard) after Orchard Link.,Heavy Traffic
17:02,1.3015835102242435,103.83515691360388,(29/10)16:13 Vehicle breakdown on Orchard Turn near Orchard Link/Orchard Turn Junction.,Vehicle breakdown
17:02,1.301945627275381,103.83459549352423,(29/10)16:09 Heavy Traffic on Orchard Turn (towards Orchard Boulevard) after Orchard Link.,Heavy Traffic
17:04,1.3049190792013443,103.8321043639791,(29/10)17:00 Road Closure on Orchard Road (towards Bras Basah Rd) after Scotts Road.,Road Block
17:04,1.301945627275381,103.83459549352423,(29/10)16:09 Heavy Traffic on Orchard Turn (towards Orchard Boulevard) after Orchard Link.,Heavy Traffic
17:06,1.3049190792013443,103.8321043639791,(29/10)17:00 Road Closure on Orchard Road (towards Bras Basah Rd) after Scotts Road.,Road Block
17:06,1.301945627275381,103.83459549352423,(29/10)16:09 Heavy Traffic on Orchard Turn (towards Orchard Boulevard) after Orchard Link.,Heavy Traffic
17:08,1.3049190792013443,103.8321043639791,(29/10)17:00 Road Closure on Orchard Road (towards Bras Basah Rd) after Scotts Road.,Road Block
17:08,1.301945627275381,103.83459549352423,(29/10)16:09 Heavy Traffic on Orchard Turn (towards Orchard Boulevard) after Orchard Link.,Heavy Traffic
17:10,1.3486236519262447,103.95557062175811,(29/10)17:08 Vehicle breakdown on PIE (towards Tuas) at Simei Rd Entrance.,Vehicle breakdown
17:10,1.3049190792013443,103.8321043639791,(29/10)17:00 Road Closure on Orchard Road (towards Bras Basah Rd) after Scotts Road.,Road Block
17:10,1.301945627275381,103.83459549352423,(29/10)16:09 Heavy Traffic on Orchard Turn (towards Orchard Boulevard) after Orchard Link.,Heavy Traffic
17:12,1.3486236519262447,103.95557062175811,(29/10)17:08 Vehicle breakdown on PIE (towards Tuas) at Simei Rd Entrance.,Vehicle breakdown
17:12,1.3049190792013443,103.8321043639791,(29/10)17:00 Road Closure on Orchard Road (towards Bras Basah Rd) after Scotts Road.,Road Block
17:12,1.301945627275381,103.83459549352423,(29/10)16:09 Heavy Traffic on Orchard Turn (towards Orchard Boulevard) after Orchard Link.,Heavy Traffic
17:14,1.3486236519262447,103.95557062175811,(29/10)17:08 Vehicle breakdown on PIE (towards Tuas) at Simei Rd Entrance.,Vehicle breakdown
17:14,1.3049190792013443,103.8321043639791,(29/10)17:00 Road Closure on Orchard Road (towards Bras Basah Rd) after Scotts Road.,Road Block
17:14,1.301945627275381,103.83459549352423,(29/10)16:09 Heavy Traffic on Orchard Turn (towards Orchard Boulevard) after Orchard Link.,Heavy Traffic
17:16,1.3486236519262447,103.95557062175811,(29/10)17:08 Vehicle breakdown on PIE (towards Tuas) at Simei Rd Entrance.,Vehicle breakdown
17:16,1.3049190792013443,103.8321043639791,(29/10)17:00 Road Closure on Orchard Road (towards Bras Basah Rd) after Scotts Road.,Road Block
17:16,1.301945627275381,103.83459549352423,(29/10)16:09 Heavy Traffic on Orchard Turn (towards Orchard Boulevard) after Orchard Link.,Heavy Traffic
17:18,1.3486236519262447,103.95557062175811,(29/10)17:08 Vehicle breakdown on PIE (towards Tuas) at Simei Rd Entrance.,Vehicle breakdown
17:18,1.3049190792013443,103.8321043639791,(29/10)17:00 Road Closure on Orchard Road (towards Bras Basah Rd) after Scotts Road.,Road Block
17:18,1.301945627275381,103.83459549352423,(29/10)16:09 Heavy Traffic on Orchard Turn (towards Orchard Boulevard) after Orchard Link.,Heavy Traffic
17:20,1.3486236519262447,103.95557062175811,(29/10)17:08 Vehicle breakdown on PIE (towards Tuas) at Simei Rd Entrance.,Vehicle breakdown
17:20,1.3049190792013443,103.8321043639791,(29/10)17:00 Road Closure on Orchard Road (towards Bras Basah Rd) after Scotts Road.,Road Block
17:20,1.301945627275381,103.83459549352423,(29/10)16:09 Heavy Traffic on Orchard Turn (towards Orchard Boulevard) after Orchard Link.,Heavy Traffic
17:22,1.3486236519262447,103.95557062175811,(29/10)17:08 Vehicle breakdown on PIE (towards Tuas) at Simei Rd Entrance.,Vehicle breakdown
17:22,1.3049190792013443,103.8321043639791,(29/10)17:00 Road Closure on Orchard Road (towards Bras Basah Rd) after Scotts Road.,Road Block
17:22,1.301945627275381,103.83459549352423,(29/10)16:09 Heavy Traffic on Orchard Turn (towards Orchard Boulevard) after Orchard Link.,Heavy Traffic
17:24,1.3486236519262447,103.95557062175811,(29/10)17:08 Vehicle breakdown on PIE (towards Tuas) at Simei Rd Entrance.,Vehicle breakdown
17:24,1.3049190792013443,103.8321043639791,(29/10)17:00 Road Closure on Orchard Road (towards Bras Basah Rd) after Scotts Road.,Road Block
17:24,1.301945627275381,103.83459549352423,(29/10)16:09 Heavy Traffic on Orchard Turn (towards Orchard Boulevard) after Orchard Link.,Heavy Traffic
17:26,1.3486236519262447,103.95557062175811,(29/10)17:08 Vehicle breakdown on PIE (towards Tuas) at Simei Rd Entrance.,Vehicle breakdown
17:26,1.3049190792013443,103.8321043639791,(29/10)17:00 Road Closure on Orchard Road (towards Bras Basah Rd) after Scotts Road.,Road Block
17:26,1.301945627275381,103.83459549352423,(29/10)16:09 Heavy Traffic on Orchard Turn (towards Orchard Boulevard) after Orchard Link.,Heavy Traffic
17:28,1.3486236519262447,103.95557062175811,(29/10)17:08 Vehicle breakdown on PIE (towards Tuas) at Simei Rd Entrance.,Vehicle breakdown
17:28,1.3049190792013443,103.8321043639791,(29/10)17:00 Road Closure on Orchard Road (towards Bras Basah Rd) after Scotts Road.,Road Block
17:30,1.3486236519262447,103.95557062175811,(29/10)17:08 Vehicle breakdown on PIE (towards Tuas) at Simei Rd Entrance.,Vehicle breakdown
17:30,1.3049190792013443,103.8321043639791,(29/10)17:00 Road Closure on Orchard Road (towards Bras Basah Rd) after Scotts Road.,Road Block
17:32,1.3486236519262447,103.95557062175811,(29/10)17:08 Vehicle breakdown on PIE (towards Tuas) at Simei Rd Entrance.,Vehicle breakdown
17:32,1.3049190792013443,103.8321043639791,(29/10)17:00 Road Closure on Orchard Road (towards Bras Basah Rd) after Scotts Road.,Road Block
17:34,1.3486236519262447,103.95557062175811,(29/10)17:08 Vehicle breakdown on PIE (towards Tuas) at Simei Rd Entrance.,Vehicle breakdown
17:34,1.3049190792013443,103.8321043639791,(29/10)17:00 Road Closure on Orchard Road (towards Bras Basah Rd) after Scotts Road.,Road Block
17:36,1.3486236519262447,103.95557062175811,(29/10)17:08 Vehicle breakdown on PIE (towards Tuas) at Simei Rd Entrance.,Vehicle breakdown
17:36,1.3049190792013443,103.8321043639791,(29/10)17:00 Road Closure on Orchard Road (towards Bras Basah Rd) after Scotts Road.,Road Block
17:38,1.3486236519262447,103.95557062175811,(29/10)17:08 Vehicle breakdown on PIE (towards Tuas) at Simei Rd Entrance.,Vehicle breakdown
17:38,1.3049190792013443,103.8321043639791,(29/10)17:00 Road Closure on Orchard Road (towards Bras Basah Rd) after Scotts Road.,Road Block
17:40,1.3486236519262447,103.95557062175811,(29/10)17:08 Vehicle breakdown on PIE (towards Tuas) at Simei Rd Entrance.,Vehicle breakdown
17:40,1.3049190792013443,103.8321043639791,(29/10)17:00 Road Closure on Orchard Road (towards Bras Basah Rd) after Scotts Road.,Road Block
17:42,1.3486236519262447,103.95557062175811,(29/10)17:08 Vehicle breakdown on PIE (towards Tuas) at Simei Rd Entrance.,Vehicle breakdown
17:42,1.3049190792013443,103.8321043639791,(29/10)17:00 Road Closure on Orchard Road (towards Bras Basah Rd) after Scotts Road.,Road Block
17:44,1.3486236519262447,103.95557062175811,(29/10)17:08 Vehicle breakdown on PIE (towards Tuas) at Simei Rd Entrance.,Vehicle breakdown
17:44,1.3049190792013443,103.8321043639791,(29/10)17:00 Road Closure on Orchard Road (towards Bras Basah Rd) after Scotts Road.,Road Block
17:46,1.3486236519262447,103.95557062175811,(29/10)17:08 Vehicle breakdown on PIE (towards Tuas) at Simei Rd Entrance.,Vehicle breakdown
17:46,1.3049190792013443,103.8321043639791,(29/10)17:00 Road Closure on Orchard Road (towards Bras Basah Rd) after Scotts Road.,Road Block
17:48,1.3486236519262447,103.95557062175811,(29/10)17:08 Vehicle breakdown on PIE (towards Tuas) at Simei Rd Entrance.,Vehicle breakdown
17:48,1.3049190792013443,103.8321043639791,(29/10)17:00 Road Closure on Orchard Road (towards Bras Basah Rd) after Scotts Road.,Road Block
17:50,1.3049190792013443,103.8321043639791,(29/10)17:00 Road Closure on Orchard Road (towards Bras Basah Rd) after Scotts Road.,Road Block
17:52,1.3049190792013443,103.8321043639791,(29/10)17:00 Road Closure on Orchard Road (towards Bras Basah Rd) after Scotts Road.,Road Block
17:54,1.3049190792013443,103.8321043639791,(29/10)17:00 Road Closure on Orchard Road (towards Bras Basah Rd) after Scotts Road.,Road Block
17:56,1.3049190792013443,103.8321043639791,(29/10)17:00 Road Closure on Orchard Road (towards Bras Basah Rd) after Scotts Road.,Road Block
17:58,1.3049190792013443,103.8321043639791,(29/10)17:00 Road Closure on Orchard Road (towards Bras Basah Rd) after Scotts Road.,Road Block
18:00,1.3049190792013443,103.8321043639791,(29/10)17:00 Road Closure on Orchard Road (towards Bras Basah Rd) after Scotts Road.,Road Block
18:02,1.3049190792013443,103.8321043639791,(29/10)17:00 Road Closure on Orchard Road (towards Bras Basah Rd) after Scotts Road.,Road Block
18:04,1.3049190792013443,103.8321043639791,(29/10)17:00 Road Closure on Orchard Road (towards Bras Basah Rd) after Scotts Road.,Road Block
18:06,1.3049190792013443,103.8321043639791,(29/10)17:00 Road Closure on Orchard Road (towards Bras Basah Rd) after Scotts Road.,Road Block
18:08,1.3049190792013443,103.8321043639791,(29/10)17:00 Road Closure on Orchard Road (towards Bras Basah Rd) after Scotts Road.,Road Block
18:10,1.3049190792013443,103.8321043639791,(29/10)17:00 Road Closure on Orchard Road (towards Bras Basah Rd) after Scotts Road.,Road Block
18:12,1.3049190792013443,103.8321043639791,(29/10)17:00 Road Closure on Orchard Road (towards Bras Basah Rd) after Scotts Road.,Road Block
18:14,1.3599913615550763,103.96126100090412,(29/10)18:12 Vehicle breakdown on TPE (towards SLE) after Tampines Ave 7 Exit.,Vehicle breakdown
18:14,1.3049190792013443,103.8321043639791,(29/10)17:00 Road Closure on Orchard Road (towards Bras Basah Rd) after Scotts Road.,Road Block
18:16,1.3599913615550763,103.96126100090412,(29/10)18:12 Vehicle breakdown on TPE (towards SLE) after Tampines Ave 7 Exit.,Vehicle breakdown
18:16,1.3049190792013443,103.8321043639791,(29/10)17:00 Road Closure on Orchard Road (towards Bras Basah Rd) after Scotts Road.,Road Block
18:18,1.3599913615550763,103.96126100090412,(29/10)18:12 Vehicle breakdown on TPE (towards SLE) after Tampines Ave 7 Exit.,Vehicle breakdown
18:18,1.3049190792013443,103.8321043639791,(29/10)17:00 Road Closure on Orchard Road (towards Bras Basah Rd) after Scotts Road.,Road Block
18:20,1.2858243545451002,103.79799257014477,(29/10)18:17 Stationary Vehicle on AYE (towards Tuas) before Normanton Exit.,Unattended Vehicle
18:20,1.3599913615550763,103.96126100090412,(29/10)18:12 Vehicle breakdown on TPE (towards SLE) after Tampines Ave 7 Exit.,Vehicle breakdown
18:20,1.3049190792013443,103.8321043639791,(29/10)17:00 Road Closure on Orchard Road (towards Bras Basah Rd) after Scotts Road.,Road Block
18:22,1.2858243545451002,103.79799257014477,(29/10)18:17 Stationary Vehicle on AYE (towards Tuas) before Normanton Exit.,Unattended Vehicle
18:22,1.3599913615550763,103.96126100090412,(29/10)18:12 Vehicle breakdown on TPE (towards SLE) after Tampines Ave 7 Exit.,Vehicle breakdown
18:22,1.3049190792013443,103.8321043639791,(29/10)17:00 Road Closure on Orchard Road (towards Bras Basah Rd) after Scotts Road.,Road Block
18:24,1.321577189902972,103.85627633950327,(29/10)18:21 Heavy Traffic on CTE (towards AYE) between PIE(Changi) Exit and Balestier Rd Exit.,Heavy Traffic
18:24,1.2858243545451002,103.79799257014477,(29/10)18:17 Stationary Vehicle on AYE (towards Tuas) before Normanton Exit.,Unattended Vehicle
18:24,1.3599913615550763,103.96126100090412,(29/10)18:12 Vehicle breakdown on TPE (towards SLE) after Tampines Ave 7 Exit.,Vehicle breakdown
18:24,1.3049190792013443,103.8321043639791,(29/10)17:00 Road Closure on Orchard Road (towards Bras Basah Rd) after Scotts Road.,Road Block
18:26,1.2655838836092104,103.82423575854392,(29/10)18:22 Heavy Traffic on Telok Blangah Slip Road between Sentosa Gateway/Telok Blangah Road Junction and Cantonment Link.,Heavy Traffic
18:26,1.321577189902972,103.85627633950327,(29/10)18:21 Heavy Traffic on CTE (towards AYE) between PIE(Changi) Exit and Balestier Rd Exit.,Heavy Traffic
18:26,1.2858243545451002,103.79799257014477,(29/10)18:17 Stationary Vehicle on AYE (towards Tuas) before Normanton Exit. Avoid lane 4.,Unattended Vehicle
18:26,1.3599913615550763,103.96126100090412,(29/10)18:12 Vehicle breakdown on TPE (towards SLE) after Tampines Ave 7 Exit.,Vehicle breakdown
18:26,1.3049190792013443,103.8321043639791,(29/10)17:00 Road Closure on Orchard Road (towards Bras Basah Rd) after Scotts Road.,Road Block
18:28,1.2655838836092104,103.82423575854392,(29/10)18:22 Heavy Traffic on Telok Blangah Slip Road between Sentosa Gateway/Telok Blangah Road Junction and Cantonment Link.,Heavy Traffic
18:28,1.321577189902972,103.85627633950327,(29/10)18:21 Heavy Traffic on CTE (towards AYE) between PIE(Changi) Exit and Balestier Rd Exit.,Heavy Traffic
18:28,1.2858243545451002,103.79799257014477,(29/10)18:17 Stationary Vehicle on AYE (towards Tuas) before Normanton Exit. Avoid lane 4.,Unattended Vehicle
18:28,1.3599913615550763,103.96126100090412,(29/10)18:12 Vehicle breakdown on TPE (towards SLE) after Tampines Ave 7 Exit.,Vehicle breakdown
18:28,1.3049190792013443,103.8321043639791,(29/10)17:00 Road Closure on Orchard Road (towards Bras Basah Rd) after Scotts Road.,Road Block
18:30,1.272548226755269,103.83935610836282,(29/10)18:28 Vehicle breakdown on AYE (towards MCE) after Keppel Rd Entrance.,Vehicle breakdown
18:30,1.2655838836092104,103.82423575854392,(29/10)18:22 Heavy Traffic on Telok Blangah Slip Road between Sentosa Gateway/Telok Blangah Road Junction and Cantonment Link.,Heavy Traffic
18:30,1.321577189902972,103.85627633950327,(29/10)18:21 Heavy Traffic on CTE (towards AYE) between PIE(Changi) Exit and Balestier Rd Exit.,Heavy Traffic
18:30,1.2858243545451002,103.79799257014477,(29/10)18:17 Stationary Vehicle on AYE (towards Tuas) before Normanton Exit. Avoid lane 4.,Unattended Vehicle
18:30,1.3599913615550763,103.96126100090412,(29/10)18:12 Vehicle breakdown on TPE (towards SLE) after Tampines Ave 7 Exit.,Vehicle breakdown
18:30,1.3049190792013443,103.8321043639791,(29/10)17:00 Road Closure on Orchard Road (towards Bras Basah Rd) after Scotts Road.,Road Block
18:32,1.272548226755269,103.83935610836282,(29/10)18:28 Vehicle breakdown on AYE (towards MCE) after Keppel Rd Entrance.,Vehicle breakdown
18:32,1.2655838836092104,103.82423575854392,(29/10)18:22 Heavy Traffic on Telok Blangah Slip Road between Sentosa Gateway/Telok Blangah Road Junction and Cantonment Link.,Heavy Traffic
18:32,1.321577189902972,103.85627633950327,(29/10)18:21 Heavy Traffic on CTE (towards AYE) between PIE(Changi) Exit and Balestier Rd Exit.,Heavy Traffic
18:32,1.2858243545451002,103.79799257014477,(29/10)18:17 Stationary Vehicle on AYE (towards Tuas) before Normanton Exit. Avoid lane 4.,Unattended Vehicle
18:32,1.3599913615550763,103.96126100090412,(29/10)18:12 Vehicle breakdown on TPE (towards SLE) after Tampines Ave 7 Exit.,Vehicle breakdown
18:32,1.3049190792013443,103.8321043639791,(29/10)17:00 Road Closure on Orchard Road (towards Bras Basah Rd) after Scotts Road.,Road Block
18:34,1.272548226755269,103.83935610836282,(29/10)18:28 Vehicle breakdown on AYE (towards MCE) after Keppel Rd Entrance.,Vehicle breakdown
18:34,1.2655838836092104,103.82423575854392,(29/10)18:22 Heavy Traffic on Telok Blangah Slip Road between Sentosa Gateway/Telok Blangah Road Junction and Cantonment Link.,Heavy Traffic
18:34,1.321577189902972,103.85627633950327,(29/10)18:21 Heavy Traffic on CTE (towards AYE) between PIE(Changi) Exit and Balestier Rd Exit.,Heavy Traffic
18:34,1.3599913615550763,103.96126100090412,(29/10)18:12 Vehicle breakdown on TPE (towards SLE) after Tampines Ave 7 Exit.,Vehicle breakdown
18:34,1.3049190792013443,103.8321043639791,(29/10)17:00 Road Closure on Orchard Road (towards Bras Basah Rd) after Scotts Road.,Road Block
18:36,1.272548226755269,103.83935610836282,(29/10)18:28 Vehicle breakdown on AYE (towards MCE) after Keppel Rd Entrance.,Vehicle breakdown
18:36,1.2655838836092104,103.82423575854392,(29/10)18:22 Heavy Traffic on Telok Blangah Slip Road between Sentosa Gateway/Telok Blangah Road Junction and Cantonment Link.,Heavy Traffic
18:36,1.321577189902972,103.85627633950327,(29/10)18:21 Heavy Traffic on CTE (towards AYE) between PIE(Changi) Exit and Balestier Rd Exit.,Heavy Traffic
18:36,1.3599913615550763,103.96126100090412,(29/10)18:12 Vehicle breakdown on TPE (towards SLE) after Tampines Ave 7 Exit.,Vehicle breakdown
18:36,1.3049190792013443,103.8321043639791,(29/10)17:00 Road Closure on Orchard Road (towards Bras Basah Rd) after Scotts Road.,Road Block
18:38,1.272548226755269,103.83935610836282,(29/10)18:28 Vehicle breakdown on AYE (towards MCE) after Keppel Rd Entrance.,Vehicle breakdown
18:38,1.2655838836092104,103.82423575854392,(29/10)18:22 Heavy Traffic on Telok Blangah Slip Road between Sentosa Gateway/Telok Blangah Road Junction and Cantonment Link.,Heavy Traffic
18:38,1.321577189902972,103.85627633950327,(29/10)18:21 Heavy Traffic on CTE (towards AYE) between PIE(Changi) Exit and Balestier Rd Exit.,Heavy Traffic
18:38,1.3599913615550763,103.96126100090412,(29/10)18:12 Vehicle breakdown on TPE (towards SLE) after Tampines Ave 7 Exit.,Vehicle breakdown
18:38,1.3049190792013443,103.8321043639791,(29/10)17:00 Road Closure on Orchard Road (towards Bras Basah Rd) after Scotts Road.,Road Block
18:40,1.387855318561012,103.85822111524745,(29/10)18:38 Vehicle breakdown on CTE (towards SLE) after Yio Chu Kang Rd Exit.,Vehicle breakdown
18:40,1.272548226755269,103.83935610836282,(29/10)18:28 Vehicle breakdown on AYE (towards MCE) after Keppel Rd Entrance.,Vehicle breakdown
18:40,1.2655838836092104,103.82423575854392,(29/10)18:22 Heavy Traffic on Telok Blangah Slip Road between Sentosa Gateway/Telok Blangah Road Junction and Cantonment Link.,Heavy Traffic
18:40,1.321577189902972,103.85627633950327,(29/10)18:21 Heavy Traffic on CTE (towards AYE) between PIE(Changi) Exit and Balestier Rd Exit.,Heavy Traffic
18:40,1.3599913615550763,103.96126100090412,(29/10)18:12 Vehicle breakdown on TPE (towards SLE) after Tampines Ave 7 Exit.,Vehicle breakdown
18:40,1.3049190792013443,103.8321043639791,(29/10)17:00 Road Closure on Orchard Road (towards Bras Basah Rd) after Scotts Road.,Road Block
18:42,1.387855318561012,103.85822111524745,(29/10)18:38 Vehicle breakdown on CTE (towards SLE) after Yio Chu Kang Rd Exit.,Vehicle breakdown
18:42,1.272548226755269,103.83935610836282,(29/10)18:28 Vehicle breakdown on AYE (towards MCE) after Keppel Rd Entrance.,Vehicle breakdown
18:42,1.2655838836092104,103.82423575854392,(29/10)18:22 Heavy Traffic on Telok Blangah Slip Road between Sentosa Gateway/Telok Blangah Road Junction and Cantonment Link.,Heavy Traffic
18:42,1.321577189902972,103.85627633950327,(29/10)18:21 Heavy Traffic on CTE (towards AYE) between PIE(Changi) Exit and Balestier Rd Exit.,Heavy Traffic
18:42,1.3599913615550763,103.96126100090412,(29/10)18:12 Vehicle breakdown on TPE (towards SLE) after Tampines Ave 7 Exit.,Vehicle breakdown
18:42,1.3049190792013443,103.8321043639791,(29/10)17:00 Road Closure on Orchard Road (towards Bras Basah Rd) after Scotts Road.,Road Block
18:44,1.387855318561012,103.85822111524745,(29/10)18:38 Vehicle breakdown on CTE (towards SLE) after Yio Chu Kang Rd Exit.,Vehicle breakdown
18:44,1.272548226755269,103.83935610836282,(29/10)18:28 Vehicle breakdown on AYE (towards MCE) after Keppel Rd Entrance.,Vehicle breakdown
18:44,1.2655838836092104,103.82423575854392,(29/10)18:22 Heavy Traffic on Telok Blangah Slip Road between Sentosa Gateway/Telok Blangah Road Junction and Cantonment Link.,Heavy Traffic
18:44,1.321577189902972,103.85627633950327,(29/10)18:21 Heavy Traffic on CTE (towards AYE) between PIE(Changi) Exit and Balestier Rd Exit.,Heavy Traffic
18:44,1.3599913615550763,103.96126100090412,(29/10)18:12 Vehicle breakdown on TPE (towards SLE) after Tampines Ave 7 Exit.,Vehicle breakdown
18:44,1.3049190792013443,103.8321043639791,(29/10)17:00 Road Closure on Orchard Road (towards Bras Basah Rd) after Scotts Road.,Road Block
18:46,1.387855318561012,103.85822111524745,(29/10)18:38 Vehicle breakdown on CTE (towards SLE) after Yio Chu Kang Rd Exit.,Vehicle breakdown
18:46,1.272548226755269,103.83935610836282,(29/10)18:28 Vehicle breakdown on AYE (towards MCE) after Keppel Rd Entrance.,Vehicle breakdown
18:46,1.2655838836092104,103.82423575854392,(29/10)18:22 Heavy Traffic on Telok Blangah Slip Road between Sentosa Gateway/Telok Blangah Road Junction and Cantonment Link.,Heavy Traffic
18:46,1.321577189902972,103.85627633950327,(29/10)18:21 Heavy Traffic on CTE (towards AYE) between PIE(Changi) Exit and Balestier Rd Exit.,Heavy Traffic
18:46,1.3049190792013443,103.8321043639791,(29/10)17:00 Road Closure on Orchard Road (towards Bras Basah Rd) after Scotts Road.,Road Block
18:48,1.2721093542090844,103.83203016068991,(29/10)18:44 Heavy Traffic on AYE (towards Tuas) at Telok Blangah Rd Exit.,Heavy Traffic
18:48,1.387855318561012,103.85822111524745,(29/10)18:38 Vehicle breakdown on CTE (towards SLE) after Yio Chu Kang Rd Exit.,Vehicle breakdown
18:48,1.272548226755269,103.83935610836282,(29/10)18:28 Vehicle breakdown on AYE (towards MCE) after Keppel Rd Entrance.,Vehicle breakdown
18:48,1.2655838836092104,103.82423575854392,(29/10)18:22 Heavy Traffic on Telok Blangah Slip Road between Sentosa Gateway/Telok Blangah Road Junction and Cantonment Link.,Heavy Traffic
18:48,1.321577189902972,103.85627633950327,(29/10)18:21 Heavy Traffic on CTE (towards AYE) between PIE(Changi) Exit and Balestier Rd Exit.,Heavy Traffic
18:48,1.3049190792013443,103.8321043639791,(29/10)17:00 Road Closure on Orchard Road (towards Bras Basah Rd) after Scotts Road.,Road Block
18:50,1.2721093542090844,103.83203016068991,(29/10)18:44 Heavy Traffic on AYE (towards Tuas) at Telok Blangah Rd Exit.,Heavy Traffic
18:50,1.387855318561012,103.85822111524745,(29/10)18:38 Vehicle breakdown on CTE (towards SLE) after Yio Chu Kang Rd Exit.,Vehicle breakdown
18:50,1.272548226755269,103.83935610836282,(29/10)18:28 Vehicle breakdown on AYE (towards MCE) after Keppel Rd Entrance.,Vehicle breakdown
18:50,1.2655838836092104,103.82423575854392,(29/10)18:22 Heavy Traffic on Telok Blangah Slip Road between Sentosa Gateway/Telok Blangah Road Junction and Cantonment Link.,Heavy Traffic
18:50,1.321577189902972,103.85627633950327,(29/10)18:21 Heavy Traffic on CTE (towards AYE) between PIE(Changi) Exit and Balestier Rd Exit.,Heavy Traffic
18:50,1.3049190792013443,103.8321043639791,(29/10)17:00 Road Closure on Orchard Road (towards Bras Basah Rd) after Scotts Road.,Road Block
18:52,1.2721093542090844,103.83203016068991,(29/10)18:44 Heavy Traffic on AYE (towards Tuas) at Telok Blangah Rd Exit.,Heavy Traffic
18:52,1.387855318561012,103.85822111524745,(29/10)18:38 Vehicle breakdown on CTE (towards SLE) after Yio Chu Kang Rd Exit.,Vehicle breakdown
18:52,1.272548226755269,103.83935610836282,(29/10)18:28 Vehicle breakdown on AYE (towards MCE) after Keppel Rd Entrance. Avoid lane 4.,Vehicle breakdown
18:52,1.2655838836092104,103.82423575854392,(29/10)18:22 Heavy Traffic on Telok Blangah Slip Road between Sentosa Gateway/Telok Blangah Road Junction and Cantonment Link.,Heavy Traffic
18:52,1.321577189902972,103.85627633950327,(29/10)18:21 Heavy Traffic on CTE (towards AYE) between PIE(Changi) Exit and Balestier Rd Exit.,Heavy Traffic
18:52,1.3049190792013443,103.8321043639791,(29/10)17:00 Road Closure on Orchard Road (towards Bras Basah Rd) after Scotts Road.,Road Block
18:54,1.2721093542090844,103.83203016068991,(29/10)18:44 Heavy Traffic on AYE (towards Tuas) at Telok Blangah Rd Exit.,Heavy Traffic
18:54,1.272548226755269,103.83935610836282,(29/10)18:28 Vehicle breakdown on AYE (towards MCE) after Keppel Rd Entrance. Avoid lane 4.,Vehicle breakdown
18:54,1.2655838836092104,103.82423575854392,(29/10)18:22 Heavy Traffic on Telok Blangah Slip Road between Sentosa Gateway/Telok Blangah Road Junction and Cantonment Link.,Heavy Traffic
18:54,1.321577189902972,103.85627633950327,(29/10)18:21 Heavy Traffic on CTE (towards AYE) between PIE(Changi) Exit and Balestier Rd Exit.,Heavy Traffic
18:54,1.3049190792013443,103.8321043639791,(29/10)17:00 Road Closure on Orchard Road (towards Bras Basah Rd) after Scotts Road.,Road Block
18:56,1.2976343804809396,103.89887894488406,(29/10)18:54 Obstacle on ECP (towards Changi Airport) after Tg Katong Rd Exit. Avoid lane 4.,Obstacle
18:56,1.2721093542090844,103.83203016068991,(29/10)18:44 Heavy Traffic on AYE (towards Tuas) at Telok Blangah Rd Exit.,Heavy Traffic
18:56,1.2655838836092104,103.82423575854392,(29/10)18:22 Heavy Traffic on Telok Blangah Slip Road between Sentosa Gateway/Telok Blangah Road Junction and Cantonment Link.,Heavy Traffic
18:56,1.321577189902972,103.85627633950327,(29/10)18:21 Heavy Traffic on CTE (towards AYE) between PIE(Changi) Exit and Balestier Rd Exit.,Heavy Traffic
18:56,1.3049190792013443,103.8321043639791,(29/10)17:00 Road Closure on Orchard Road (towards Bras Basah Rd) after Scotts Road.,Road Block
18:58,1.2976343804809396,103.89887894488406,(29/10)18:54 Obstacle on ECP (towards Changi Airport) after Tg Katong Rd Exit. Avoid lane 4.,Obstacle
18:58,1.2721093542090844,103.83203016068991,(29/10)18:44 Heavy Traffic on AYE (towards Tuas) at Telok Blangah Rd Exit.,Heavy Traffic
18:58,1.2655838836092104,103.82423575854392,(29/10)18:22 Heavy Traffic on Telok Blangah Slip Road between Sentosa Gateway/Telok Blangah Road Junction and Cantonment Link.,Heavy Traffic
18:58,1.321577189902972,103.85627633950327,(29/10)18:21 Heavy Traffic on CTE (towards AYE) between PIE(Changi) Exit and Balestier Rd Exit.,Heavy Traffic
18:58,1.3049190792013443,103.8321043639791,(29/10)17:00 Road Closure on Orchard Road (towards Bras Basah Rd) after Scotts Road.,Road Block
19:00,1.2979361534004532,103.89973474362955,(29/10)18:54 Obstacle on ECP (towards Changi Airport) after Tg Katong Rd Exit.,Obstacle
19:00,1.2721093542090844,103.83203016068991,(29/10)18:44 Heavy Traffic on AYE (towards Tuas) at Telok Blangah Rd Exit.,Heavy Traffic
19:00,1.2655838836092104,103.82423575854392,(29/10)18:22 Heavy Traffic on Telok Blangah Slip Road between Sentosa Gateway/Telok Blangah Road Junction and Cantonment Link.,Heavy Traffic
19:00,1.321577189902972,103.85627633950327,(29/10)18:21 Heavy Traffic on CTE (towards AYE) between AMK Ave 1 Exit and Balestier Rd Exit.,Heavy Traffic
19:00,1.3049190792013443,103.8321043639791,(29/10)17:00 Road Closure on Orchard Road (towards Bras Basah Rd) after Scotts Road.,Road Block
19:02,1.2979361534004532,103.89973474362955,(29/10)18:54 Obstacle on ECP (towards Changi Airport) after Tg Katong Rd Exit.,Obstacle
19:02,1.2721093542090844,103.83203016068991,(29/10)18:44 Heavy Traffic on AYE (towards Tuas) at Telok Blangah Rd Exit.,Heavy Traffic
19:02,1.2655838836092104,103.82423575854392,(29/10)18:22 Heavy Traffic on Telok Blangah Slip Road between Sentosa Gateway/Telok Blangah Road Junction and Cantonment Link.,Heavy Traffic
19:02,1.321577189902972,103.85627633950327,(29/10)18:21 Heavy Traffic on CTE (towards AYE) between AMK Ave 1 Exit and Balestier Rd Exit.,Heavy Traffic
19:02,1.3049190792013443,103.8321043639791,(29/10)17:00 Road Closure on Orchard Road (towards Bras Basah Rd) after Scotts Road.,Road Block
19:04,1.2979361534004532,103.89973474362955,(29/10)18:54 Obstacle on ECP (towards Changi Airport) after Tg Katong Rd Exit.,Obstacle
19:04,1.2721093542090844,103.83203016068991,(29/10)18:44 Heavy Traffic on AYE (towards Tuas) at Telok Blangah Rd Exit.,Heavy Traffic
19:04,1.2655838836092104,103.82423575854392,(29/10)18:22 Heavy Traffic on Telok Blangah Slip Road between Sentosa Gateway/Telok Blangah Road Junction and Cantonment Link.,Heavy Traffic
19:04,1.321577189902972,103.85627633950327,(29/10)18:21 Heavy Traffic on CTE (towards AYE) between AMK Ave 1 Exit and Balestier Rd Exit.,Heavy Traffic
19:04,1.3049190792013443,103.8321043639791,(29/10)17:00 Road Closure on Orchard Road (towards Bras Basah Rd) after Scotts Road.,Road Block
19:06,1.2979361534004532,103.89973474362955,(29/10)18:54 Obstacle on ECP (towards Changi Airport) after Tg Katong Rd Exit.,Obstacle
19:06,1.2721093542090844,103.83203016068991,(29/10)18:44 Heavy Traffic on AYE (towards Tuas) at Telok Blangah Rd Exit.,Heavy Traffic
19:06,1.2655838836092104,103.82423575854392,(29/10)18:22 Heavy Traffic on Telok Blangah Slip Road between Sentosa Gateway/Telok Blangah Road Junction and Cantonment Link.,Heavy Traffic
19:06,1.321577189902972,103.85627633950327,(29/10)18:21 Heavy Traffic on CTE (towards AYE) between AMK Ave 1 Exit and Balestier Rd Exit.,Heavy Traffic
19:06,1.3049190792013443,103.8321043639791,(29/10)17:00 Road Closure on Orchard Road (towards Bras Basah Rd) after Scotts Road.,Road Block
19:08,1.2979361534004532,103.89973474362955,(29/10)18:54 Obstacle on ECP (towards Changi Airport) after Tg Katong Rd Exit.,Obstacle
19:08,1.2721093542090844,103.83203016068991,(29/10)18:44 Heavy Traffic on AYE (towards Tuas) at Telok Blangah Rd Exit.,Heavy Traffic
19:08,1.2655838836092104,103.82423575854392,(29/10)18:22 Heavy Traffic on Telok Blangah Slip Road between Sentosa Gateway/Telok Blangah Road Junction and Cantonment Link.,Heavy Traffic
19:08,1.321577189902972,103.85627633950327,(29/10)18:21 Heavy Traffic on CTE (towards AYE) between AMK Ave 1 Exit and Balestier Rd Exit.,Heavy Traffic
19:08,1.3049190792013443,103.8321043639791,(29/10)17:00 Road Closure on Orchard Road (towards Bras Basah Rd) after Scotts Road.,Road Block
19:10,1.2979361534004532,103.89973474362955,(29/10)18:54 Obstacle on ECP (towards Changi Airport) after Tg Katong Rd Exit.,Obstacle
19:10,1.2721093542090844,103.83203016068991,(29/10)18:44 Heavy Traffic on AYE (towards Tuas) at Telok Blangah Rd Exit.,Heavy Traffic
19:10,1.2655838836092104,103.82423575854392,(29/10)18:22 Heavy Traffic on Telok Blangah Slip Road between Sentosa Gateway/Telok Blangah Road Junction and Cantonment Link.,Heavy Traffic
19:10,1.321577189902972,103.85627633950327,(29/10)18:21 Heavy Traffic on CTE (towards AYE) between AMK Ave 1 Exit and Balestier Rd Exit.,Heavy Traffic
19:10,1.3049190792013443,103.8321043639791,(29/10)17:00 Road Closure on Orchard Road (towards Bras Basah Rd) after Scotts Road.,Road Block
19:12,1.2979361534004532,103.89973474362955,(29/10)18:54 Obstacle on ECP (towards Changi Airport) after Tg Katong Rd Exit.,Obstacle
19:12,1.2721093542090844,103.83203016068991,(29/10)18:44 Heavy Traffic on AYE (towards Tuas) at Telok Blangah Rd Exit.,Heavy Traffic
19:12,1.2655838836092104,103.82423575854392,(29/10)18:22 Heavy Traffic on Telok Blangah Slip Road between Sentosa Gateway/Telok Blangah Road Junction and Cantonment Link.,Heavy Traffic
19:12,1.321577189902972,103.85627633950327,(29/10)18:21 Heavy Traffic on CTE (towards AYE) between AMK Ave 1 Exit and Balestier Rd Exit.,Heavy Traffic
19:12,1.3049190792013443,103.8321043639791,(29/10)17:00 Road Closure on Orchard Road (towards Bras Basah Rd) after Scotts Road.,Road Block
19:14,1.2979361534004532,103.89973474362955,(29/10)18:54 Obstacle on ECP (towards Changi Airport) after Tg Katong Rd Exit.,Obstacle
19:14,1.2721093542090844,103.83203016068991,(29/10)18:44 Heavy Traffic on AYE (towards Tuas) at Telok Blangah Rd Exit.,Heavy Traffic
19:14,1.2655838836092104,103.82423575854392,(29/10)18:22 Heavy Traffic on Telok Blangah Slip Road between Sentosa Gateway/Telok Blangah Road Junction and Cantonment Link.,Heavy Traffic
19:14,1.321577189902972,103.85627633950327,(29/10)18:21 Heavy Traffic on CTE (towards AYE) between AMK Ave 1 Exit and Balestier Rd Exit.,Heavy Traffic
19:14,1.3049190792013443,103.8321043639791,(29/10)17:00 Road Closure on Orchard Road (towards Bras Basah Rd) after Scotts Road.,Road Block
19:16,1.2962025968190425,103.89507414403839,(29/10)19:13 Vehicle breakdown on ECP (towards Changi Airport) before Tg Katong Rd Exit.,Vehicle breakdown
19:16,1.2721093542090844,103.83203016068991,(29/10)18:44 Heavy Traffic on AYE (towards Tuas) at Telok Blangah Rd Exit.,Heavy Traffic
19:16,1.2655838836092104,103.82423575854392,(29/10)18:22 Heavy Traffic on Telok Blangah Slip Road between Sentosa Gateway/Telok Blangah Road Junction and Cantonment Link.,Heavy Traffic
19:16,1.321577189902972,103.85627633950327,(29/10)18:21 Heavy Traffic on CTE (towards AYE) between AMK Ave 1 Exit and Balestier Rd Exit.,Heavy Traffic
19:16,1.3049190792013443,103.8321043639791,(29/10)17:00 Road Closure on Orchard Road (towards Bras Basah Rd) after Scotts Road.,Road Block
19:18,1.2721093542090844,103.83203016068991,(29/10)18:44 Heavy Traffic on AYE (towards Tuas) at Telok Blangah Rd Exit.,Heavy Traffic
19:18,1.2655838836092104,103.82423575854392,(29/10)18:22 Heavy Traffic on Telok Blangah Slip Road between Sentosa Gateway/Telok Blangah Road Junction and Cantonment Link.,Heavy Traffic
19:18,1.321577189902972,103.85627633950327,(29/10)18:21 Heavy Traffic on CTE (towards AYE) between AMK Ave 1 Exit and Balestier Rd Exit.,Heavy Traffic
19:18,1.3049190792013443,103.8321043639791,(29/10)17:00 Road Closure on Orchard Road (towards Bras Basah Rd) after Scotts Road.,Road Block
19:20,1.2721093542090844,103.83203016068991,(29/10)18:44 Heavy Traffic on AYE (towards Tuas) at Telok Blangah Rd Exit.,Heavy Traffic
19:20,1.2655838836092104,103.82423575854392,(29/10)18:22 Heavy Traffic on Telok Blangah Slip Road between Sentosa Gateway/Telok Blangah Road Junction and Cantonment Link.,Heavy Traffic
19:20,1.321577189902972,103.85627633950327,(29/10)18:21 Heavy Traffic on CTE (towards AYE) between AMK Ave 1 Exit and Balestier Rd Exit.,Heavy Traffic
19:20,1.3049190792013443,103.8321043639791,(29/10)17:00 Road Closure on Orchard Road (towards Bras Basah Rd) after Scotts Road.,Road Block
19:22,1.2655838836092104,103.82423575854392,(29/10)18:22 Heavy Traffic on Telok Blangah Slip Road between Sentosa Gateway/Telok Blangah Road Junction and Cantonment Link.,Heavy Traffic
19:22,1.321577189902972,103.85627633950327,(29/10)18:21 Heavy Traffic on CTE (towards AYE) between AMK Ave 1 Exit and Balestier Rd Exit.,Heavy Traffic
19:22,1.3049190792013443,103.8321043639791,(29/10)17:00 Road Closure on Orchard Road (towards Bras Basah Rd) after Scotts Road.,Road Block
19:24,1.2655838836092104,103.82423575854392,(29/10)18:22 Heavy Traffic on Telok Blangah Slip Road between Sentosa Gateway/Telok Blangah Road Junction and Cantonment Link.,Heavy Traffic
19:24,1.321577189902972,103.85627633950327,(29/10)18:21 Heavy Traffic on CTE (towards AYE) between AMK Ave 1 Exit and Balestier Rd Exit.,Heavy Traffic
19:24,1.3049190792013443,103.8321043639791,(29/10)17:00 Road Closure on Orchard Road (towards Bras Basah Rd) after Scotts Road.,Road Block
19:27,1.2655838836092104,103.82423575854392,(29/10)18:22 Heavy Traffic on Telok Blangah Slip Road between Sentosa Gateway/Telok Blangah Road Junction and Cantonment Link.,Heavy Traffic
19:27,1.321577189902972,103.85627633950327,(29/10)18:21 Heavy Traffic on CTE (towards AYE) between AMK Ave 1 Exit and Balestier Rd Exit.,Heavy Traffic
19:27,1.3049190792013443,103.8321043639791,(29/10)17:00 Road Closure on Orchard Road (towards Bras Basah Rd) after Scotts Road.,Road Block
19:29,1.2926429824150625,103.87527914073645,(29/10)19:26 Vehicle breakdown on MCE (towards AYE) before ECP (City) Entrance.,Vehicle breakdown
19:29,1.2655838836092104,103.82423575854392,(29/10)18:22 Heavy Traffic on Telok Blangah Slip Road between Sentosa Gateway/Telok Blangah Road Junction and Cantonment Link.,Heavy Traffic
19:29,1.321577189902972,103.85627633950327,(29/10)18:21 Heavy Traffic on CTE (towards AYE) between AMK Ave 1 Exit and Balestier Rd Exit.,Heavy Traffic
19:29,1.3049190792013443,103.8321043639791,(29/10)17:00 Road Closure on Orchard Road (towards Bras Basah Rd) after Scotts Road.,Road Block
19:31,1.3508051401000838,103.85780999088122,(29/10)19:28 Vehicle breakdown on CTE (towards AYE) before Braddell Rd/Lor Chuan Exit.,Vehicle breakdown
19:31,1.2926429824150625,103.87527914073645,(29/10)19:26 Vehicle breakdown on MCE (towards AYE) before ECP (City) Entrance.,Vehicle breakdown
19:31,1.2655838836092104,103.82423575854392,(29/10)18:22 Heavy Traffic on Telok Blangah Slip Road between Sentosa Gateway/Telok Blangah Road Junction and Cantonment Link.,Heavy Traffic
19:31,1.321577189902972,103.85627633950327,(29/10)18:21 Heavy Traffic on CTE (towards AYE) between AMK Ave 1 Exit and Balestier Rd Exit.,Heavy Traffic
19:31,1.3049190792013443,103.8321043639791,(29/10)17:00 Road Closure on Orchard Road (towards Bras Basah Rd) after Scotts Road.,Road Block
19:33,1.3508051401000838,103.85780999088122,(29/10)19:28 Vehicle breakdown on CTE (towards AYE) before Braddell Rd/Lor Chuan Exit.,Vehicle breakdown
19:33,1.2926429824150625,103.87527914073645,(29/10)19:26 Vehicle breakdown on MCE (towards AYE) before ECP (City) Entrance.,Vehicle breakdown
19:33,1.2655838836092104,103.82423575854392,(29/10)18:22 Heavy Traffic on Telok Blangah Slip Road between Sentosa Gateway/Telok Blangah Road Junction and Cantonment Link.,Heavy Traffic
19:33,1.321577189902972,103.85627633950327,(29/10)18:21 Heavy Traffic on CTE (towards AYE) between AMK Ave 1 Exit and Balestier Rd Exit.,Heavy Traffic
19:33,1.3049190792013443,103.8321043639791,(29/10)17:00 Road Closure on Orchard Road (towards Bras Basah Rd) after Scotts Road.,Road Block
19:35,1.3508051401000838,103.85780999088122,(29/10)19:28 Vehicle breakdown on CTE (towards AYE) before Braddell Rd/Lor Chuan Exit.,Vehicle breakdown
19:35,1.2926429824150625,103.87527914073645,(29/10)19:26 Vehicle breakdown on MCE (towards AYE) before ECP (City) Entrance.,Vehicle breakdown
19:35,1.2655838836092104,103.82423575854392,(29/10)18:22 Heavy Traffic on Telok Blangah Slip Road between Sentosa Gateway/Telok Blangah Road Junction and Cantonment Link.,Heavy Traffic
19:35,1.321577189902972,103.85627633950327,(29/10)18:21 Heavy Traffic on CTE (towards AYE) between AMK Ave 1 Exit and Balestier Rd Exit.,Heavy Traffic
19:35,1.3049190792013443,103.8321043639791,(29/10)17:00 Road Closure on Orchard Road (towards Bras Basah Rd) after Scotts Road.,Road Block
19:37,1.3508051401000838,103.85780999088122,(29/10)19:28 Vehicle breakdown on CTE (towards AYE) before Braddell Rd/Lor Chuan Exit.,Vehicle breakdown
19:37,1.2926429824150625,103.87527914073645,(29/10)19:26 Vehicle breakdown on MCE (towards AYE) before ECP (City) Entrance.,Vehicle breakdown
19:37,1.2655838836092104,103.82423575854392,(29/10)18:22 Heavy Traffic on Telok Blangah Slip Road between Sentosa Gateway/Telok Blangah Road Junction and Cantonment Link.,Heavy Traffic
19:37,1.321577189902972,103.85627633950327,(29/10)18:21 Heavy Traffic on CTE (towards AYE) between AMK Ave 1 Exit and Balestier Rd Exit.,Heavy Traffic
19:37,1.3049190792013443,103.8321043639791,(29/10)17:00 Road Closure on Orchard Road (towards Bras Basah Rd) after Scotts Road.,Road Block
19:39,1.3480455524029749,103.85880756505158,(29/10)19:28 Vehicle breakdown on CTE (towards AYE) before PIE(Changi) Exit.,Vehicle breakdown
19:39,1.2926429824150625,103.87527914073645,(29/10)19:26 Vehicle breakdown on MCE (towards AYE) before ECP (City) Entrance.,Vehicle breakdown
19:39,1.2655838836092104,103.82423575854392,(29/10)18:22 Heavy Traffic on Telok Blangah Slip Road between Sentosa Gateway/Telok Blangah Road Junction and Cantonment Link.,Heavy Traffic
19:39,1.321577189902972,103.85627633950327,(29/10)18:21 Heavy Traffic on CTE (towards AYE) between AMK Ave 1 Exit and Balestier Rd Exit.,Heavy Traffic
19:39,1.3049190792013443,103.8321043639791,(29/10)17:00 Road Closure on Orchard Road (towards Bras Basah Rd) after Scotts Road.,Road Block
19:41,1.3480455524029749,103.85880756505158,(29/10)19:28 Vehicle breakdown on CTE (towards AYE) before PIE(Changi) Exit.,Vehicle breakdown
19:41,1.2926429824150625,103.87527914073645,(29/10)19:26 Vehicle breakdown on MCE (towards AYE) before ECP (City) Entrance.,Vehicle breakdown
19:41,1.2655838836092104,103.82423575854392,(29/10)18:22 Heavy Traffic on Telok Blangah Slip Road between Sentosa Gateway/Telok Blangah Road Junction and Cantonment Link.,Heavy Traffic
19:41,1.321577189902972,103.85627633950327,(29/10)18:21 Heavy Traffic on CTE (towards AYE) between PIE(Changi) Exit and Balestier Rd Exit.,Heavy Traffic
19:41,1.3049190792013443,103.8321043639791,(29/10)17:00 Road Closure on Orchard Road (towards Bras Basah Rd) after Scotts Road.,Road Block
19:43,1.3480455524029749,103.85880756505158,(29/10)19:28 Vehicle breakdown on CTE (towards AYE) before PIE(Changi) Exit.,Vehicle breakdown
19:43,1.2926429824150625,103.87527914073645,(29/10)19:26 Vehicle breakdown on MCE (towards AYE) before ECP (City) Entrance.,Vehicle breakdown
19:43,1.2655838836092104,103.82423575854392,(29/10)18:22 Heavy Traffic on Telok Blangah Slip Road between Sentosa Gateway/Telok Blangah Road Junction and Cantonment Link.,Heavy Traffic
19:43,1.321577189902972,103.85627633950327,(29/10)18:21 Heavy Traffic on CTE (towards AYE) between PIE(Changi) Exit and Balestier Rd Exit.,Heavy Traffic
19:43,1.3049190792013443,103.8321043639791,(29/10)17:00 Road Closure on Orchard Road (towards Bras Basah Rd) after Scotts Road.,Road Block
19:45,1.2926429824150625,103.87527914073645,(29/10)19:26 Vehicle breakdown on MCE (towards AYE) before ECP (City) Entrance.,Vehicle breakdown
19:45,1.3049190792013443,103.8321043639791,(29/10)17:00 Road Closure on Orchard Road (towards Bras Basah Rd) after Scotts Road.,Road Block
19:47,1.3920090644334415,103.85805105780271,(29/10)19:44 Vehicle breakdown on SLE (towards CTE) after TPE Exit.,Vehicle breakdown
19:47,1.275082752914979,103.86665543293621,(29/10)19:40 Vehicle breakdown on MCE (towards AYE) after Central Blvd Exit.,Vehicle breakdown
19:47,1.2926429824150625,103.87527914073645,(29/10)19:26 Vehicle breakdown on MCE (towards AYE) before ECP (City) Entrance.,Vehicle breakdown
19:47,1.3049190792013443,103.8321043639791,(29/10)17:00 Road Closure on Orchard Road (towards Bras Basah Rd) after Scotts Road.,Road Block
19:49,1.3072626823294577,103.87659213269258,(29/10)19:45 Vehicle breakdown on KPE (towards TPE) before Nicoll Highway Entrance.,Vehicle breakdown
19:49,1.3920090644334415,103.85805105780271,(29/10)19:44 Vehicle breakdown on SLE (towards CTE) after TPE Exit.,Vehicle breakdown
19:49,1.275082752914979,103.86665543293621,(29/10)19:40 Vehicle breakdown on MCE (towards AYE) after Central Blvd Exit.,Vehicle breakdown
19:49,1.2926429824150625,103.87527914073645,(29/10)19:26 Vehicle breakdown on MCE (towards AYE) before ECP (City) Entrance.,Vehicle breakdown
19:49,1.3049190792013443,103.8321043639791,(29/10)17:00 Road Closure on Orchard Road (towards Bras Basah Rd) after Scotts Road.,Road Block
19:51,1.3072626823294577,103.87659213269258,(29/10)19:45 Vehicle breakdown on KPE (towards TPE) before Nicoll Highway Entrance.,Vehicle breakdown
19:51,1.3920090644334415,103.85805105780271,(29/10)19:44 Vehicle breakdown on SLE (towards CTE) after TPE Exit.,Vehicle breakdown
19:51,1.275082752914979,103.86665543293621,(29/10)19:40 Vehicle breakdown on MCE (towards AYE) after Central Blvd Exit.,Vehicle breakdown
19:51,1.2926429824150625,103.87527914073645,(29/10)19:26 Vehicle breakdown on MCE (towards AYE) before ECP (City) Entrance.,Vehicle breakdown
19:51,1.3049190792013443,103.8321043639791,(29/10)17:00 Road Closure on Orchard Road (towards Bras Basah Rd) after Scotts Road.,Road Block
19:53,1.3072626823294577,103.87659213269258,(29/10)19:45 Vehicle breakdown on KPE (towards TPE) before Nicoll Highway Entrance.,Vehicle breakdown
19:53,1.3920090644334415,103.85805105780271,(29/10)19:44 Vehicle breakdown on SLE (towards CTE) after TPE Exit.,Vehicle breakdown
19:53,1.275082752914979,103.86665543293621,(29/10)19:40 Vehicle breakdown on MCE (towards AYE) after Central Blvd Exit.,Vehicle breakdown
19:53,1.3049190792013443,103.8321043639791,(29/10)17:00 Road Closure on Orchard Road (towards Bras Basah Rd) after Scotts Road.,Road Block
19:55,1.3072626823294577,103.87659213269258,(29/10)19:45 Vehicle breakdown on KPE (towards TPE) before Nicoll Highway Entrance.,Vehicle breakdown
19:55,1.3920090644334415,103.85805105780271,(29/10)19:44 Vehicle breakdown on SLE (towards CTE) after TPE Exit.,Vehicle breakdown
19:55,1.275082752914979,103.86665543293621,(29/10)19:40 Vehicle breakdown on MCE (towards AYE) after Central Blvd Exit.,Vehicle breakdown
19:55,1.3049190792013443,103.8321043639791,(29/10)17:00 Road Closure on Orchard Road (towards Bras Basah Rd) after Scotts Road.,Road Block
19:57,1.3072626823294577,103.87659213269258,(29/10)19:45 Vehicle breakdown on KPE (towards TPE) before Nicoll Highway Entrance.,Vehicle breakdown
19:57,1.3920090644334415,103.85805105780271,(29/10)19:44 Vehicle breakdown on SLE (towards CTE) after TPE Exit.,Vehicle breakdown
19:57,1.275082752914979,103.86665543293621,(29/10)19:40 Vehicle breakdown on MCE (towards AYE) after Central Blvd Exit.,Vehicle breakdown
19:57,1.3049190792013443,103.8321043639791,(29/10)17:00 Road Closure on Orchard Road (towards Bras Basah Rd) after Scotts Road.,Road Block
19:59,1.3072626823294577,103.87659213269258,(29/10)19:45 Vehicle breakdown on KPE (towards TPE) before Nicoll Highway Entrance.,Vehicle breakdown
19:59,1.3920090644334415,103.85805105780271,(29/10)19:44 Vehicle breakdown on SLE (towards CTE) after TPE Exit.,Vehicle breakdown
19:59,1.3049190792013443,103.8321043639791,(29/10)17:00 Road Closure on Orchard Road (towards Bras Basah Rd) after Scotts Road.,Road Block
20:01,1.3072626823294577,103.87659213269258,(29/10)19:45 Vehicle breakdown on KPE (towards TPE) before Nicoll Highway Entrance.,Vehicle breakdown
20:01,1.3920090644334415,103.85805105780271,(29/10)19:44 Vehicle breakdown on SLE (towards CTE) after TPE Exit.,Vehicle breakdown
20:01,1.3049190792013443,103.8321043639791,(29/10)17:00 Road Closure on Orchard Road (towards Bras Basah Rd) after Scotts Road.,Road Block
20:03,1.3072626823294577,103.87659213269258,(29/10)19:45 Vehicle breakdown on KPE (towards TPE) before Nicoll Highway Entrance.,Vehicle breakdown
20:03,1.3920090644334415,103.85805105780271,(29/10)19:44 Vehicle breakdown on SLE (towards CTE) after TPE Exit.,Vehicle breakdown
20:03,1.3049190792013443,103.8321043639791,(29/10)17:00 Road Closure on Orchard Road (towards Bras Basah Rd) after Scotts Road.,Road Block
20:05,1.3072626823294577,103.87659213269258,(29/10)19:45 Vehicle breakdown on KPE (towards TPE) before Nicoll Highway Entrance.,Vehicle breakdown
20:05,1.3920090644334415,103.85805105780271,(29/10)19:44 Vehicle breakdown on SLE (towards CTE) after TPE Exit.,Vehicle breakdown
20:05,1.3049190792013443,103.8321043639791,(29/10)17:00 Road Closure on Orchard Road (towards Bras Basah Rd) after Scotts Road.,Road Block
20:07,1.3072626823294577,103.87659213269258,(29/10)19:45 Vehicle breakdown on KPE (towards TPE) before Nicoll Highway Entrance.,Vehicle breakdown
20:07,1.3920090644334415,103.85805105780271,(29/10)19:44 Vehicle breakdown on SLE (towards CTE) after TPE Exit.,Vehicle breakdown
20:07,1.3049190792013443,103.8321043639791,(29/10)17:00 Road Closure on Orchard Road (towards Bras Basah Rd) after Scotts Road.,Road Block
20:09,1.3920090644334415,103.85805105780271,(29/10)19:44 Vehicle breakdown on SLE (towards CTE) after TPE Exit.,Vehicle breakdown
20:09,1.3049190792013443,103.8321043639791,(29/10)17:00 Road Closure on Orchard Road (towards Bras Basah Rd) after Scotts Road.,Road Block
20:11,1.3049190792013443,103.8321043639791,(29/10)17:00 Road Closure on Orchard Road (towards Bras Basah Rd) after Scotts Road.,Road Block
20:13,1.3049190792013443,103.8321043639791,(29/10)17:00 Road Closure on Orchard Road (towards Bras Basah Rd) after Scotts Road.,Road Block
20:15,1.3049190792013443,103.8321043639791,(29/10)17:00 Road Closure on Orchard Road (towards Bras Basah Rd) after Scotts Road.,Road Block
20:17,1.3049190792013443,103.8321043639791,(29/10)17:00 Road Closure on Orchard Road (towards Bras Basah Rd) after Scotts Road.,Road Block
20:19,1.3049190792013443,103.8321043639791,(29/10)17:00 Road Closure on Orchard Road (towards Bras Basah Rd) after Scotts Road.,Road Block
20:21,1.3049190792013443,103.8321043639791,(29/10)17:00 Road Closure on Orchard Road (towards Bras Basah Rd) after Scotts Road.,Road Block
20:23,1.3049190792013443,103.8321043639791,(29/10)17:00 Road Closure on Orchard Road (towards Bras Basah Rd) after Scotts Road.,Road Block
20:25,1.3049190792013443,103.8321043639791,(29/10)17:00 Road Closure on Orchard Road (towards Bras Basah Rd) after Scotts Road.,Road Block
20:27,1.3243948967423755,103.89777947930598,(29/10)20:23 Vehicle breakdown on PIE (towards Changi Airport) after Paya Lebar Rd.,Vehicle breakdown
20:27,1.3049190792013443,103.8321043639791,(29/10)17:00 Road Closure on Orchard Road (towards Bras Basah Rd) after Scotts Road.,Road Block
20:29,1.3243948967423755,103.89777947930598,(29/10)20:23 Vehicle breakdown on PIE (towards Changi Airport) after Paya Lebar Rd.,Vehicle breakdown
20:29,1.3049190792013443,103.8321043639791,(29/10)17:00 Road Closure on Orchard Road (towards Bras Basah Rd) after Scotts Road.,Road Block
20:31,1.3243948967423755,103.89777947930598,(29/10)20:23 Vehicle breakdown on PIE (towards Changi Airport) after Paya Lebar Rd.,Vehicle breakdown
20:31,1.3049190792013443,103.8321043639791,(29/10)17:00 Road Closure on Orchard Road (towards Bras Basah Rd) after Scotts Road.,Road Block
20:33,1.3243948967423755,103.89777947930598,(29/10)20:23 Vehicle breakdown on PIE (towards Changi Airport) after Paya Lebar Rd.,Vehicle breakdown
20:33,1.3049190792013443,103.8321043639791,(29/10)17:00 Road Closure on Orchard Road (towards Bras Basah Rd) after Scotts Road.,Road Block
20:35,1.3243948967423755,103.89777947930598,(29/10)20:23 Vehicle breakdown on PIE (towards Changi Airport) after Paya Lebar Rd.,Vehicle breakdown
20:35,1.3049190792013443,103.8321043639791,(29/10)17:00 Road Closure on Orchard Road (towards Bras Basah Rd) after Scotts Road.,Road Block
20:37,1.3243948967423755,103.89777947930598,(29/10)20:23 Vehicle breakdown on PIE (towards Changi Airport) after Paya Lebar Rd.,Vehicle breakdown
20:37,1.3049190792013443,103.8321043639791,(29/10)17:00 Road Closure on Orchard Road (towards Bras Basah Rd) after Scotts Road.,Road Block
20:39,1.3049190792013443,103.8321043639791,(29/10)17:00 Road Closure on Orchard Road (towards Bras Basah Rd) after Scotts Road.,Road Block
20:41,1.3049190792013443,103.8321043639791,(29/10)17:00 Road Closure on Orchard Road (towards Bras Basah Rd) after Scotts Road.,Road Block
20:43,1.3049190792013443,103.8321043639791,(29/10)17:00 Road Closure on Orchard Road (towards Bras Basah Rd) after Scotts Road.,Road Block
20:45,1.3049190792013443,103.8321043639791,(29/10)17:00 Road Closure on Orchard Road (towards Bras Basah Rd) after Scotts Road.,Road Block
20:47,1.3049190792013443,103.8321043639791,(29/10)17:00 Road Closure on Orchard Road (towards Bras Basah Rd) after Scotts Road.,Road Block
20:49,1.3049190792013443,103.8321043639791,(29/10)17:00 Road Closure on Orchard Road (towards Bras Basah Rd) after Scotts Road.,Road Block
20:51,1.4017886298349096,103.81221194767595,(29/10)20:47 Roadworks on SLE (towards BKE) after Upper Thomson Rd Exit. Avoid lane 1.,Roadwork
20:51,1.3049190792013443,103.8321043639791,(29/10)17:00 Road Closure on Orchard Road (towards Bras Basah Rd) after Scotts Road.,Road Block
20:53,1.4017886298349096,103.81221194767595,(29/10)20:47 Roadworks on SLE (towards BKE) after Upper Thomson Rd Exit. Avoid lane 1.,Roadwork
20:53,1.3049190792013443,103.8321043639791,(29/10)17:00 Road Closure on Orchard Road (towards Bras Basah Rd) after Scotts Road.,Road Block
20:55,1.4017886298349096,103.81221194767595,(29/10)20:47 Roadworks on SLE (towards BKE) after Upper Thomson Rd Exit. Avoid lane 1.,Roadwork
20:55,1.3049190792013443,103.8321043639791,(29/10)17:00 Road Closure on Orchard Road (towards Bras Basah Rd) after Scotts Road.,Road Block
20:57,1.4017886298349096,103.81221194767595,(29/10)20:47 Roadworks on SLE (towards BKE) after Upper Thomson Rd Exit. Avoid lane 1.,Roadwork
20:57,1.3049190792013443,103.8321043639791,(29/10)17:00 Road Closure on Orchard Road (towards Bras Basah Rd) after Scotts Road.,Road Block
20:59,1.4017886298349096,103.81221194767595,(29/10)20:47 Roadworks on SLE (towards BKE) after Upper Thomson Rd Exit. Avoid lane 1.,Roadwork
20:59,1.3049190792013443,103.8321043639791,(29/10)17:00 Road Closure on Orchard Road (towards Bras Basah Rd) after Scotts Road.,Road Block
21:01,1.4283824766926407,103.76995738659677,(29/10)20:58 Vehicle breakdown on BKE (towards PIE) at Woodlands Ave 3 Entrance.,Vehicle breakdown
21:01,1.4017886298349096,103.81221194767595,(29/10)20:47 Roadworks on SLE (towards BKE) after Upper Thomson Rd Exit. Avoid lane 1.,Roadwork
21:01,1.3049190792013443,103.8321043639791,(29/10)17:00 Road Closure on Orchard Road (towards Bras Basah Rd) after Scotts Road.,Road Block
21:03,1.4283824766926407,103.76995738659677,(29/10)20:58 Vehicle breakdown on BKE (towards PIE) at Woodlands Ave 3 Entrance.,Vehicle breakdown
21:03,1.4017886298349096,103.81221194767595,(29/10)20:47 Roadworks on SLE (towards BKE) after Upper Thomson Rd Exit. Avoid lane 1.,Roadwork
21:03,1.3049190792013443,103.8321043639791,(29/10)17:00 Road Closure on Orchard Road (towards Bras Basah Rd) after Scotts Road.,Road Block
21:05,1.4248898146365856,103.7760602614791,(29/10)21:01 Vehicle breakdown on SLE (towards BKE) before BKE Exit.,Vehicle breakdown
21:05,1.4283824766926407,103.76995738659677,(29/10)20:58 Vehicle breakdown on BKE (towards PIE) at Woodlands Ave 3 Entrance.,Vehicle breakdown
21:05,1.4017886298349096,103.81221194767595,(29/10)20:47 Roadworks on SLE (towards BKE) after Upper Thomson Rd Exit. Avoid lane 1.,Roadwork
21:05,1.3049190792013443,103.8321043639791,(29/10)17:00 Road Closure on Orchard Road (towards Bras Basah Rd) after Scotts Road.,Road Block
21:07,1.4248898146365856,103.7760602614791,(29/10)21:01 Vehicle breakdown on SLE (towards BKE) before BKE Exit.,Vehicle breakdown
21:07,1.4283824766926407,103.76995738659677,(29/10)20:58 Vehicle breakdown on BKE (towards PIE) at Woodlands Ave 3 Entrance.,Vehicle breakdown
21:07,1.4017886298349096,103.81221194767595,(29/10)20:47 Roadworks on SLE (towards BKE) after Upper Thomson Rd Exit. Avoid lane 1.,Roadwork
21:07,1.3049190792013443,103.8321043639791,(29/10)17:00 Road Closure on Orchard Road (towards Bras Basah Rd) after Scotts Road.,Road Block
21:09,1.4248898146365856,103.7760602614791,(29/10)21:01 Vehicle breakdown on SLE (towards BKE) before BKE Exit.,Vehicle breakdown
21:09,1.4283824766926407,103.76995738659677,(29/10)20:58 Vehicle breakdown on BKE (towards PIE) at Woodlands Ave 3 Entrance.,Vehicle breakdown
21:09,1.4017886298349096,103.81221194767595,(29/10)20:47 Roadworks on SLE (towards BKE) after Upper Thomson Rd Exit. Avoid lane 1.,Roadwork
21:09,1.3049190792013443,103.8321043639791,(29/10)17:00 Road Closure on Orchard Road (towards Bras Basah Rd) after Scotts Road.,Road Block
21:11,1.4248898146365856,103.7760602614791,(29/10)21:01 Vehicle breakdown on SLE (towards BKE) before BKE Exit.,Vehicle breakdown
21:11,1.4283824766926407,103.76995738659677,(29/10)20:58 Vehicle breakdown on BKE (towards PIE) at Woodlands Ave 3 Entrance.,Vehicle breakdown
21:11,1.4017886298349096,103.81221194767595,(29/10)20:47 Roadworks on SLE (towards BKE) after Upper Thomson Rd Exit. Avoid lane 1.,Roadwork
21:11,1.3049190792013443,103.8321043639791,(29/10)17:00 Road Closure on Orchard Road (towards Bras Basah Rd) after Scotts Road.,Road Block
21:13,1.4248898146365856,103.7760602614791,(29/10)21:01 Vehicle breakdown on SLE (towards BKE) before BKE Exit.,Vehicle breakdown
21:13,1.4283824766926407,103.76995738659677,(29/10)20:58 Vehicle breakdown on BKE (towards PIE) at Woodlands Ave 3 Entrance.,Vehicle breakdown
21:13,1.4017886298349096,103.81221194767595,(29/10)20:47 Roadworks on SLE (towards BKE) after Upper Thomson Rd Exit. Avoid lane 1.,Roadwork
21:13,1.3049190792013443,103.8321043639791,(29/10)17:00 Road Closure on Orchard Road (towards Bras Basah Rd) after Scotts Road.,Road Block
21:15,1.4248898146365856,103.7760602614791,(29/10)21:01 Vehicle breakdown on SLE (towards BKE) before BKE Exit.,Vehicle breakdown
21:15,1.4283824766926407,103.76995738659677,(29/10)20:58 Vehicle breakdown on BKE (towards PIE) at Woodlands Ave 3 Entrance.,Vehicle breakdown
21:15,1.4017886298349096,103.81221194767595,(29/10)20:47 Roadworks on SLE (towards BKE) after Upper Thomson Rd Exit. Avoid lane 1.,Roadwork
21:15,1.3049190792013443,103.8321043639791,(29/10)17:00 Road Closure on Orchard Road (towards Bras Basah Rd) after Scotts Road.,Road Block
21:17,1.4248898146365856,103.7760602614791,(29/10)21:01 Vehicle breakdown on SLE (towards BKE) before BKE Exit.,Vehicle breakdown
21:17,1.4283824766926407,103.76995738659677,(29/10)20:58 Vehicle breakdown on BKE (towards PIE) at Woodlands Ave 3 Entrance.,Vehicle breakdown
21:17,1.4017886298349096,103.81221194767595,(29/10)20:47 Roadworks on SLE (towards BKE) after Upper Thomson Rd Exit. Avoid lane 1.,Roadwork
21:17,1.3049190792013443,103.8321043639791,(29/10)17:00 Road Closure on Orchard Road (towards Bras Basah Rd) after Scotts Road.,Road Block
21:19,1.4248898146365856,103.7760602614791,(29/10)21:01 Vehicle breakdown on SLE (towards BKE) before BKE Exit.,Vehicle breakdown
21:19,1.4283824766926407,103.76995738659677,(29/10)20:58 Vehicle breakdown on BKE (towards PIE) at Woodlands Ave 3 Entrance.,Vehicle breakdown
21:19,1.4017886298349096,103.81221194767595,(29/10)20:47 Roadworks on SLE (towards BKE) after Upper Thomson Rd Exit. Avoid lane 1.,Roadwork
21:19,1.3049190792013443,103.8321043639791,(29/10)17:00 Road Closure on Orchard Road (towards Bras Basah Rd) after Scotts Road.,Road Block
21:21,1.4248898146365856,103.7760602614791,(29/10)21:01 Vehicle breakdown on SLE (towards BKE) before BKE Exit.,Vehicle breakdown
21:21,1.4283824766926407,103.76995738659677,(29/10)20:58 Vehicle breakdown on BKE (towards PIE) at Woodlands Ave 3 Entrance.,Vehicle breakdown
21:21,1.4017886298349096,103.81221194767595,(29/10)20:47 Roadworks on SLE (towards BKE) after Upper Thomson Rd Exit. Avoid lane 1.,Roadwork
21:21,1.3049190792013443,103.8321043639791,(29/10)17:00 Road Closure on Orchard Road (towards Bras Basah Rd) after Scotts Road.,Road Block
21:23,1.4248898146365856,103.7760602614791,(29/10)21:01 Vehicle breakdown on SLE (towards BKE) before BKE Exit.,Vehicle breakdown
21:23,1.4283824766926407,103.76995738659677,(29/10)20:58 Vehicle breakdown on BKE (towards PIE) at Woodlands Ave 3 Entrance.,Vehicle breakdown
21:23,1.4017886298349096,103.81221194767595,(29/10)20:47 Roadworks on SLE (towards BKE) after Upper Thomson Rd Exit. Avoid lane 1.,Roadwork
21:23,1.3049190792013443,103.8321043639791,(29/10)17:00 Road Closure on Orchard Road (towards Bras Basah Rd) after Scotts Road.,Road Block
21:25,1.4248898146365856,103.7760602614791,(29/10)21:01 Vehicle breakdown on SLE (towards BKE) before BKE Exit.,Vehicle breakdown
21:25,1.4017886298349096,103.81221194767595,(29/10)20:47 Roadworks on SLE (towards BKE) after Upper Thomson Rd Exit. Avoid lane 1.,Roadwork
21:25,1.3049190792013443,103.8321043639791,(29/10)17:00 Road Closure on Orchard Road (towards Bras Basah Rd) after Scotts Road.,Road Block
21:27,1.4248898146365856,103.7760602614791,(29/10)21:01 Vehicle breakdown on SLE (towards BKE) before BKE Exit.,Vehicle breakdown
21:27,1.4017886298349096,103.81221194767595,(29/10)20:47 Roadworks on SLE (towards BKE) after Upper Thomson Rd Exit. Avoid lane 1.,Roadwork
21:27,1.3049190792013443,103.8321043639791,(29/10)17:00 Road Closure on Orchard Road (towards Bras Basah Rd) after Scotts Road.,Road Block
21:29,1.4248898146365856,103.7760602614791,(29/10)21:01 Vehicle breakdown on SLE (towards BKE) before BKE Exit.,Vehicle breakdown
21:29,1.4017886298349096,103.81221194767595,(29/10)20:47 Roadworks on SLE (towards BKE) after Upper Thomson Rd Exit. Avoid lane 1.,Roadwork
21:29,1.3049190792013443,103.8321043639791,(29/10)17:00 Road Closure on Orchard Road (towards Bras Basah Rd) after Scotts Road.,Road Block
21:31,1.4248898146365856,103.7760602614791,(29/10)21:01 Vehicle breakdown on SLE (towards BKE) before BKE Exit.,Vehicle breakdown
21:31,1.4017886298349096,103.81221194767595,(29/10)20:47 Roadworks on SLE (towards BKE) after Upper Thomson Rd Exit. Avoid lane 1.,Roadwork
21:31,1.3049190792013443,103.8321043639791,(29/10)17:00 Road Closure on Orchard Road (towards Bras Basah Rd) after Scotts Road.,Road Block
21:33,1.4248898146365856,103.7760602614791,(29/10)21:01 Vehicle breakdown on SLE (towards BKE) before BKE Exit.,Vehicle breakdown
21:33,1.3049190792013443,103.8321043639791,(29/10)17:00 Road Closure on Orchard Road (towards Bras Basah Rd) after Scotts Road.,Road Block
21:35,1.3049190792013443,103.8321043639791,(29/10)17:00 Road Closure on Orchard Road (towards Bras Basah Rd) after Scotts Road.,Road Block
21:37,1.3049190792013443,103.8321043639791,(29/10)17:00 Road Closure on Orchard Road (towards Bras Basah Rd) after Scotts Road.,Road Block
21:39,1.3049190792013443,103.8321043639791,(29/10)17:00 Road Closure on Orchard Road (towards Bras Basah Rd) after Scotts Road.,Road Block
21:41,1.404296606156658,103.81063375232391,(29/10)21:37 Vehicle breakdown on SLE (towards BKE) after Upper Thomson Rd Exit.,Vehicle breakdown
21:41,1.3049190792013443,103.8321043639791,(29/10)17:00 Road Closure on Orchard Road (towards Bras Basah Rd) after Scotts Road.,Road Block
21:43,1.404296606156658,103.81063375232391,(29/10)21:37 Vehicle breakdown on SLE (towards BKE) after Upper Thomson Rd Exit.,Vehicle breakdown
21:43,1.3049190792013443,103.8321043639791,(29/10)17:00 Road Closure on Orchard Road (towards Bras Basah Rd) after Scotts Road.,Road Block
21:45,1.404296606156658,103.81063375232391,(29/10)21:37 Vehicle breakdown on SLE (towards BKE) after Upper Thomson Rd Exit.,Vehicle breakdown
21:45,1.3049190792013443,103.8321043639791,(29/10)17:00 Road Closure on Orchard Road (towards Bras Basah Rd) after Scotts Road.,Road Block
21:47,1.404296606156658,103.81063375232391,(29/10)21:37 Vehicle breakdown on SLE (towards BKE) after Upper Thomson Rd Exit.,Vehicle breakdown
21:47,1.3049190792013443,103.8321043639791,(29/10)17:00 Road Closure on Orchard Road (towards Bras Basah Rd) after Scotts Road.,Road Block
21:49,1.404296606156658,103.81063375232391,(29/10)21:37 Vehicle breakdown on SLE (towards BKE) after Upper Thomson Rd Exit.,Vehicle breakdown
21:49,1.3049190792013443,103.8321043639791,(29/10)17:00 Road Closure on Orchard Road (towards Bras Basah Rd) after Scotts Road.,Road Block
21:51,1.404296606156658,103.81063375232391,(29/10)21:37 Vehicle breakdown on SLE (towards BKE) after Upper Thomson Rd Exit.,Vehicle breakdown
21:51,1.3049190792013443,103.8321043639791,(29/10)17:00 Road Closure on Orchard Road (towards Bras Basah Rd) after Scotts Road.,Road Block
21:53,1.404296606156658,103.81063375232391,(29/10)21:37 Vehicle breakdown on SLE (towards BKE) after Upper Thomson Rd Exit.,Vehicle breakdown
21:53,1.3049190792013443,103.8321043639791,(29/10)17:00 Road Closure on Orchard Road (towards Bras Basah Rd) after Scotts Road.,Road Block
21:55,1.404296606156658,103.81063375232391,(29/10)21:37 Vehicle breakdown on SLE (towards BKE) after Upper Thomson Rd Exit.,Vehicle breakdown
21:55,1.3049190792013443,103.8321043639791,(29/10)17:00 Road Closure on Orchard Road (towards Bras Basah Rd) after Scotts Road.,Road Block
21:57,1.404296606156658,103.81063375232391,(29/10)21:37 Vehicle breakdown on SLE (towards BKE) after Upper Thomson Rd Exit.,Vehicle breakdown
21:57,1.3049190792013443,103.8321043639791,(29/10)17:00 Road Closure on Orchard Road (towards Bras Basah Rd) after Scotts Road.,Road Block
21:59,1.404296606156658,103.81063375232391,(29/10)21:37 Vehicle breakdown on SLE (towards BKE) after Upper Thomson Rd Exit.,Vehicle breakdown
22:05,1.3318773877099834,103.96590586925761,(29/10)22:02 Roadworks on Changi South Avenue 2 (towards Changi South Avenue 3) after Changi South Street 2. Avoid left lane.,Roadwork
22:07,1.3318773877099834,103.96590586925761,(29/10)22:02 Roadworks on Changi South Avenue 2 (towards Changi South Avenue 3) after Changi South Street 2. Avoid left lane.,Roadwork
22:09,1.3318773877099834,103.96590586925761,(29/10)22:02 Roadworks on Changi South Avenue 2 (towards Changi South Avenue 3) after Changi South Street 2. Avoid left lane.,Roadwork
22:11,1.3234396428675521,103.85768464121736,(29/10)22:08 Heavy Traffic on CTE (towards SLE) after Moulmein Rd Exit.,Heavy Traffic
22:11,1.3318773877099834,103.96590586925761,(29/10)22:02 Roadworks on Changi South Avenue 2 (towards Changi South Avenue 3) after Changi South Street 2. Avoid left lane.,Roadwork
22:13,1.3234396428675521,103.85768464121736,(29/10)22:08 Heavy Traffic on CTE (towards SLE) after Moulmein Rd Exit.,Heavy Traffic
22:13,1.3318773877099834,103.96590586925761,(29/10)22:02 Roadworks on Changi South Avenue 2 (towards Changi South Avenue 3) after Changi South Street 2. Avoid left lane.,Roadwork
22:15,1.3234396428675521,103.85768464121736,(29/10)22:08 Heavy Traffic on CTE (towards SLE) after Moulmein Rd Exit.,Heavy Traffic
22:15,1.3318773877099834,103.96590586925761,(29/10)22:02 Roadworks on Changi South Avenue 2 (towards Changi South Avenue 3) after Changi South Street 2. Avoid left lane.,Roadwork
22:17,1.3234396428675521,103.85768464121736,(29/10)22:08 Heavy Traffic on CTE (towards SLE) after Moulmein Rd Exit.,Heavy Traffic
22:17,1.3318773877099834,103.96590586925761,(29/10)22:02 Roadworks on Changi South Avenue 2 (towards Changi South Avenue 3) after Changi South Street 2. Avoid left lane.,Roadwork
22:19,1.3644739542475843,103.85961247660639,(29/10)22:16 Accident on CTE (towards SLE) before AMK Ave 3 Exit with congestion till Braddell Rd Exit. Avoid lane 1.,Accident
22:19,1.3234396428675521,103.85768464121736,(29/10)22:08 Heavy Traffic on CTE (towards SLE) after Moulmein Rd Exit.,Heavy Traffic
22:19,1.3318773877099834,103.96590586925761,(29/10)22:02 Roadworks on Changi South Avenue 2 (towards Changi South Avenue 3) after Changi South Street 2. Avoid left lane.,Roadwork
22:21,1.4264865136745843,103.78217360957171,(29/10)22:18 Vehicle breakdown on SLE (towards BKE) after Woodlands Ave 2 Exit.,Vehicle breakdown
22:21,1.3644739542475843,103.85961247660639,(29/10)22:16 Accident on CTE (towards SLE) before AMK Ave 3 Exit with congestion till Braddell Rd Exit. Avoid lane 1.,Accident
22:21,1.3234396428675521,103.85768464121736,(29/10)22:08 Heavy Traffic on CTE (towards SLE) after Moulmein Rd Exit.,Heavy Traffic
22:21,1.3318773877099834,103.96590586925761,(29/10)22:02 Roadworks on Changi South Avenue 2 (towards Changi South Avenue 3) after Changi South Street 2. Avoid left lane.,Roadwork
22:23,1.4264865136745843,103.78217360957171,(29/10)22:18 Vehicle breakdown on SLE (towards BKE) after Woodlands Ave 2 Exit.,Vehicle breakdown
22:23,1.3234396428675521,103.85768464121736,(29/10)22:08 Heavy Traffic on CTE (towards SLE) after Moulmein Rd Exit.,Heavy Traffic
22:23,1.3318773877099834,103.96590586925761,(29/10)22:02 Roadworks on Changi South Avenue 2 (towards Changi South Avenue 3) after Changi South Street 2. Avoid left lane.,Roadwork
22:25,1.4264865136745843,103.78217360957171,(29/10)22:18 Vehicle breakdown on SLE (towards BKE) after Woodlands Ave 2 Exit.,Vehicle breakdown
22:25,1.3318773877099834,103.96590586925761,(29/10)22:02 Roadworks on Changi South Avenue 2 (towards Changi South Avenue 3) after Changi South Street 2. Avoid left lane.,Roadwork
22:27,1.4264865136745843,103.78217360957171,(29/10)22:18 Vehicle breakdown on SLE (towards BKE) after Woodlands Ave 2 Exit.,Vehicle breakdown
22:27,1.3318773877099834,103.96590586925761,(29/10)22:02 Roadworks on Changi South Avenue 2 (towards Changi South Avenue 3) after Changi South Street 2. Avoid left lane.,Roadwork
22:29,1.4264865136745843,103.78217360957171,(29/10)22:18 Vehicle breakdown on SLE (towards BKE) after Woodlands Ave 2 Exit.,Vehicle breakdown
22:29,1.3318773877099834,103.96590586925761,(29/10)22:02 Roadworks on Changi South Avenue 2 (towards Changi South Avenue 3) after Changi South Street 2. Avoid left lane.,Roadwork
22:31,1.4264865136745843,103.78217360957171,(29/10)22:18 Vehicle breakdown on SLE (towards BKE) after Woodlands Ave 2 Exit.,Vehicle breakdown
22:31,1.3318773877099834,103.96590586925761,(29/10)22:02 Roadworks on Changi South Avenue 2 (towards Changi South Avenue 3) after Changi South Street 2. Avoid left lane.,Roadwork
22:33,1.4264865136745843,103.78217360957171,(29/10)22:18 Vehicle breakdown on SLE (towards BKE) after Woodlands Ave 2 Exit.,Vehicle breakdown
22:33,1.3644739542475843,103.85961247660639,(29/10)22:16 Heavy Traffic on CTE (towards SLE) before AMK Ave 3 Exit,Heavy Traffic
22:33,1.3318773877099834,103.96590586925761,(29/10)22:02 Roadworks on Changi South Avenue 2 (towards Changi South Avenue 3) after Changi South Street 2. Avoid left lane.,Roadwork
22:35,1.4264865136745843,103.78217360957171,(29/10)22:18 Vehicle breakdown on SLE (towards BKE) after Woodlands Ave 2 Exit.,Vehicle breakdown
22:35,1.3644739542475843,103.85961247660639,(29/10)22:16 Heavy Traffic on CTE (towards SLE) before AMK Ave 3 Exit,Heavy Traffic
22:35,1.3318773877099834,103.96590586925761,(29/10)22:02 Roadworks on Changi South Avenue 2 (towards Changi South Avenue 3) after Changi South Street 2. Avoid left lane.,Roadwork
22:37,1.3333252111335772,103.92154641275522,(29/10)22:35 Vehicle breakdown on PIE (towards Tuas) after Bedok North Avenue 3 exit.,Vehicle breakdown
22:37,1.4264865136745843,103.78217360957171,(29/10)22:18 Vehicle breakdown on SLE (towards BKE) after Woodlands Ave 2 Exit.,Vehicle breakdown
22:37,1.3644739542475843,103.85961247660639,(29/10)22:16 Heavy Traffic on CTE (towards SLE) before AMK Ave 3 Exit,Heavy Traffic
22:37,1.3318773877099834,103.96590586925761,(29/10)22:02 Roadworks on Changi South Avenue 2 (towards Changi South Avenue 3) after Changi South Street 2. Avoid left lane.,Roadwork
22:39,1.3333252111335772,103.92154641275522,(29/10)22:35 Vehicle breakdown on PIE (towards Tuas) after Bedok North Avenue 3 exit.,Vehicle breakdown
22:39,1.4264865136745843,103.78217360957171,(29/10)22:18 Vehicle breakdown on SLE (towards BKE) after Woodlands Ave 2 Exit.,Vehicle breakdown
22:39,1.3644739542475843,103.85961247660639,(29/10)22:16 Heavy Traffic on CTE (towards SLE) before AMK Ave 3 Exit,Heavy Traffic
22:39,1.3318773877099834,103.96590586925761,(29/10)22:02 Roadworks on Changi South Avenue 2 (towards Changi South Avenue 3) after Changi South Street 2. Avoid left lane.,Roadwork
22:41,1.338149156989002,103.86198611361561,(29/10)22:39 Accident on CTE (towards SLE) after Braddell Rd Exit. Avoid lanes 1 and 3.,Accident
22:41,1.3333252111335772,103.92154641275522,(29/10)22:35 Vehicle breakdown on PIE (towards Tuas) after Bedok North Avenue 3 exit.,Vehicle breakdown
22:41,1.4154836806762057,103.77137920435132,(29/10)22:33 Vehicle breakdown on BKE (towards Woodlands) after Mandai Rd Entrance.,Vehicle breakdown
22:41,1.3318773877099834,103.96590586925761,(29/10)22:02 Roadworks on Changi South Avenue 2 (towards Changi South Avenue 3) after Changi South Street 2. Avoid left lane.,Roadwork
22:43,1.3566571930076425,103.9017335859234,(29/10)22:40 Vehicle breakdown on KPE (towards TPE) before Tampines Rd Exit.,Vehicle breakdown
22:43,1.338149156989002,103.86198611361561,(29/10)22:39 Accident on CTE (towards SLE) after Braddell Rd Exit with congestion till PIE(Changi) Exit.,Accident
22:43,1.3333252111335772,103.92154641275522,(29/10)22:35 Vehicle breakdown on PIE (towards Tuas) after Bedok North Avenue 3 exit.,Vehicle breakdown
22:43,1.4154836806762057,103.77137920435132,(29/10)22:33 Vehicle breakdown on BKE (towards Woodlands) after Mandai Rd Entrance.,Vehicle breakdown
22:43,1.3318773877099834,103.96590586925761,(29/10)22:02 Roadworks on Changi South Avenue 2 (towards Changi South Avenue 3) after Changi South Street 2. Avoid left lane.,Roadwork
22:45,1.3566571930076425,103.9017335859234,(29/10)22:40 Vehicle breakdown on KPE (towards TPE) before Tampines Rd Exit.,Vehicle breakdown
22:45,1.338149156989002,103.86198611361561,(29/10)22:39 Accident on CTE (towards SLE) after Braddell Rd Exit with congestion till PIE(Changi) Exit.,Accident
22:45,1.3333252111335772,103.92154641275522,(29/10)22:35 Vehicle breakdown on PIE (towards Tuas) after Bedok North Avenue 3 exit.,Vehicle breakdown
22:45,1.4154836806762057,103.77137920435132,(29/10)22:33 Vehicle breakdown on BKE (towards Woodlands) after Mandai Rd Entrance.,Vehicle breakdown
22:45,1.3318773877099834,103.96590586925761,(29/10)22:02 Roadworks on Changi South Avenue 2 (towards Changi South Avenue 3) after Changi South Street 2. Avoid left lane.,Roadwork
22:47,1.3566571930076425,103.9017335859234,(29/10)22:40 Vehicle breakdown on KPE (towards TPE) before Tampines Rd Exit.,Vehicle breakdown
22:47,1.338149156989002,103.86198611361561,(29/10)22:39 Accident on CTE (towards SLE) after Braddell Rd Exit with congestion till PIE(Changi) Exit.,Accident
22:47,1.3333252111335772,103.92154641275522,(29/10)22:35 Vehicle breakdown on PIE (towards Tuas) after Bedok North Avenue 3 exit.,Vehicle breakdown
22:47,1.4154836806762057,103.77137920435132,(29/10)22:33 Vehicle breakdown on BKE (towards Woodlands) after Mandai Rd Entrance.,Vehicle breakdown
22:47,1.3318773877099834,103.96590586925761,(29/10)22:02 Roadworks on Changi South Avenue 2 (towards Changi South Avenue 3) after Changi South Street 2. Avoid left lane.,Roadwork
22:49,1.3566571930076425,103.9017335859234,(29/10)22:40 Vehicle breakdown on KPE (towards TPE) before Tampines Rd Exit.,Vehicle breakdown
22:49,1.338149156989002,103.86198611361561,(29/10)22:39 Accident on CTE (towards SLE) after Braddell Rd Exit with congestion till PIE(Changi) Exit.,Accident
22:49,1.3333252111335772,103.92154641275522,(29/10)22:35 Vehicle breakdown on PIE (towards Tuas) after Bedok North Avenue 3 exit.,Vehicle breakdown
22:49,1.4154836806762057,103.77137920435132,(29/10)22:33 Vehicle breakdown on BKE (towards Woodlands) after Mandai Rd Entrance.,Vehicle breakdown
22:49,1.3318773877099834,103.96590586925761,(29/10)22:02 Roadworks on Changi South Avenue 2 (towards Changi South Avenue 3) after Changi South Street 2. Avoid left lane.,Roadwork
22:51,1.338149156989002,103.86198611361561,(29/10)22:39 Accident on CTE (towards SLE) after Braddell Rd Exit with congestion till PIE(Changi) Exit.,Accident
22:51,1.3333252111335772,103.92154641275522,(29/10)22:35 Vehicle breakdown on PIE (towards Tuas) after Bedok North Avenue 3 exit.,Vehicle breakdown
22:51,1.4154836806762057,103.77137920435132,(29/10)22:33 Vehicle breakdown on BKE (towards Woodlands) after Mandai Rd Entrance.,Vehicle breakdown
22:51,1.3318773877099834,103.96590586925761,(29/10)22:02 Roadworks on Changi South Avenue 2 (towards Changi South Avenue 3) after Changi South Street 2. Avoid left lane.,Roadwork
22:53,1.338149156989002,103.86198611361561,(29/10)22:39 Accident on CTE (towards SLE) after Braddell Rd Exit with congestion till PIE(Changi) Exit.,Accident
22:53,1.3333252111335772,103.92154641275522,(29/10)22:35 Vehicle breakdown on PIE (towards Tuas) after Bedok North Avenue 3 exit.,Vehicle breakdown
22:53,1.4154836806762057,103.77137920435132,(29/10)22:33 Vehicle breakdown on BKE (towards Woodlands) after Mandai Rd Entrance.,Vehicle breakdown
22:53,1.3318773877099834,103.96590586925761,(29/10)22:02 Roadworks on Changi South Avenue 2 (towards Changi South Avenue 3) after Changi South Street 2. Avoid left lane.,Roadwork
22:55,1.338149156989002,103.86198611361561,(29/10)22:39 Accident on CTE (towards SLE) after Braddell Rd Exit with congestion till PIE(Changi) Exit.,Accident
22:55,1.3333252111335772,103.92154641275522,(29/10)22:35 Vehicle breakdown on PIE (towards Tuas) after Bedok North Avenue 3 exit.,Vehicle breakdown
22:55,1.4154836806762057,103.77137920435132,(29/10)22:33 Vehicle breakdown on BKE (towards Woodlands) after Mandai Rd Entrance.,Vehicle breakdown
22:55,1.3318773877099834,103.96590586925761,(29/10)22:02 Roadworks on Changi South Avenue 2 (towards Changi South Avenue 3) after Changi South Street 2. Avoid left lane.,Roadwork
22:57,1.4154836806762057,103.77137920435132,(29/10)22:33 Vehicle breakdown on BKE (towards Woodlands) after Mandai Rd Entrance.,Vehicle breakdown
22:57,1.3318773877099834,103.96590586925761,(29/10)22:02 Roadworks on Changi South Avenue 2 (towards Changi South Avenue 3) after Changi South Street 2. Avoid left lane.,Roadwork
22:59,1.4154836806762057,103.77137920435132,(29/10)22:33 Vehicle breakdown on BKE (towards Woodlands) after Mandai Rd Entrance.,Vehicle breakdown
22:59,1.3318773877099834,103.96590586925761,(29/10)22:02 Roadworks on Changi South Avenue 2 (towards Changi South Avenue 3) after Changi South Street 2. Avoid left lane.,Roadwork
23:01,1.2951237413926961,103.8781126111442,(29/10)22:58 Obstacle on MCE (towards AYE) at Fort Rd Entrance.,Obstacle
23:01,1.4154836806762057,103.77137920435132,(29/10)22:33 Vehicle breakdown on BKE (towards Woodlands) after Mandai Rd Entrance.,Vehicle breakdown
23:01,1.3318773877099834,103.96590586925761,(29/10)22:02 Roadworks on Changi South Avenue 2 (towards Changi South Avenue 3) after Changi South Street 2. Avoid left lane.,Roadwork
23:03,1.2951237413926961,103.8781126111442,(29/10)22:58 Obstacle on MCE (towards AYE) at Fort Rd Entrance.,Obstacle
23:03,1.4154836806762057,103.77137920435132,(29/10)22:33 Vehicle breakdown on BKE (towards Woodlands) after Mandai Rd Entrance.,Vehicle breakdown
23:03,1.3318773877099834,103.96590586925761,(29/10)22:02 Roadworks on Changi South Avenue 2 (towards Changi South Avenue 3) after Changi South Street 2. Avoid left lane.,Roadwork
23:06,1.2951237413926961,103.8781126111442,(29/10)22:58 Obstacle on MCE (towards AYE) at Fort Rd Entrance.,Obstacle
23:06,1.3318773877099834,103.96590586925761,(29/10)22:02 Roadworks on Changi South Avenue 2 (towards Changi South Avenue 3) after Changi South Street 2. Avoid left lane.,Roadwork
23:08,1.2951237413926961,103.8781126111442,(29/10)22:58 Obstacle on MCE (towards AYE) at Fort Rd Entrance.,Obstacle
23:08,1.3318773877099834,103.96590586925761,(29/10)22:02 Roadworks on Changi South Avenue 2 (towards Changi South Avenue 3) after Changi South Street 2. Avoid left lane.,Roadwork
23:10,1.2951237413926961,103.8781126111442,(29/10)22:58 Obstacle on MCE (towards AYE) at Fort Rd Entrance.,Obstacle
23:10,1.3318773877099834,103.96590586925761,(29/10)22:02 Roadworks on Changi South Avenue 2 (towards Changi South Avenue 3) after Changi South Street 2. Avoid left lane.,Roadwork
23:12,1.3216119179723924,103.85622574232251,(29/10)23:09 Accident on CTE (towards SLE) after Moulmein Rd Exit. Avoid lane 3.,Accident
23:12,1.2951237413926961,103.8781126111442,(29/10)22:58 Obstacle on MCE (towards AYE) at Fort Rd Entrance.,Obstacle
23:12,1.3318773877099834,103.96590586925761,(29/10)22:02 Roadworks on Changi South Avenue 2 (towards Changi South Avenue 3) after Changi South Street 2. Avoid left lane.,Roadwork
23:14,1.3216119179723924,103.85622574232251,(29/10)23:09 Accident on CTE (towards SLE) after Moulmein Rd Exit with congestion till Moulmein Rd Exit. Avoid lane 3.,Accident
23:14,1.2951237413926961,103.8781126111442,(29/10)22:58 Obstacle on MCE (towards AYE) at Fort Rd Entrance.,Obstacle
23:14,1.3318773877099834,103.96590586925761,(29/10)22:02 Roadworks on Changi South Avenue 2 (towards Changi South Avenue 3) after Changi South Street 2. Avoid left lane.,Roadwork
23:16,1.3216119179723924,103.85622574232251,(29/10)23:09 Accident on CTE (towards SLE) after Moulmein Rd Exit with congestion till Moulmein Rd Exit. Avoid lane 3.,Accident
23:16,1.2951237413926961,103.8781126111442,(29/10)22:58 Obstacle on MCE (towards AYE) at Fort Rd Entrance.,Obstacle
23:16,1.3318773877099834,103.96590586925761,(29/10)22:02 Roadworks on Changi South Avenue 2 (towards Changi South Avenue 3) after Changi South Street 2. Avoid left lane.,Roadwork
23:18,1.3216119179723924,103.85622574232251,(29/10)23:09 Accident on CTE (towards SLE) after Moulmein Rd Exit with congestion till Moulmein Rd Exit. Avoid lane 3.,Accident
23:18,1.2951237413926961,103.8781126111442,(29/10)22:58 Obstacle on MCE (towards AYE) at Fort Rd Entrance.,Obstacle
23:18,1.3318773877099834,103.96590586925761,(29/10)22:02 Roadworks on Changi South Avenue 2 (towards Changi South Avenue 3) after Changi South Street 2. Avoid left lane.,Roadwork
23:20,1.3216119179723924,103.85622574232251,(29/10)23:09 Accident on CTE (towards SLE) after Moulmein Rd Exit with congestion till Moulmein Rd Exit. Avoid lane 3.,Accident
23:20,1.2951237413926961,103.8781126111442,(29/10)22:58 Obstacle on MCE (towards AYE) at Fort Rd Entrance.,Obstacle
23:20,1.3318773877099834,103.96590586925761,(29/10)22:02 Roadworks on Changi South Avenue 2 (towards Changi South Avenue 3) after Changi South Street 2. Avoid left lane.,Roadwork
23:22,1.2951237413926961,103.8781126111442,(29/10)22:58 Obstacle on MCE (towards AYE) at Fort Rd Entrance.,Obstacle
23:22,1.3318773877099834,103.96590586925761,(29/10)22:02 Roadworks on Changi South Avenue 2 (towards Changi South Avenue 3) after Changi South Street 2. Avoid left lane.,Roadwork
23:24,1.2951237413926961,103.8781126111442,(29/10)22:58 Obstacle on MCE (towards AYE) at Fort Rd Entrance.,Obstacle
23:24,1.3318773877099834,103.96590586925761,(29/10)22:02 Roadworks on Changi South Avenue 2 (towards Changi South Avenue 3) after Changi South Street 2. Avoid left lane.,Roadwork
23:26,1.3216119179723924,103.85622574232251,(29/10)23:09 Heavy Traffic on CTE (towards SLE) after Moulmein Rd Exit,Heavy Traffic
23:26,1.2951237413926961,103.8781126111442,(29/10)22:58 Obstacle on MCE (towards AYE) at Fort Rd Entrance.,Obstacle
23:26,1.3318773877099834,103.96590586925761,(29/10)22:02 Roadworks on Changi South Avenue 2 (towards Changi South Avenue 3) after Changi South Street 2. Avoid left lane.,Roadwork
23:28,1.3216119179723924,103.85622574232251,(29/10)23:09 Heavy Traffic on CTE (towards SLE) after Moulmein Rd Exit,Heavy Traffic
23:28,1.2951237413926961,103.8781126111442,(29/10)22:58 Obstacle on MCE (towards AYE) at Fort Rd Entrance.,Obstacle
23:28,1.3318773877099834,103.96590586925761,(29/10)22:02 Roadworks on Changi South Avenue 2 (towards Changi South Avenue 3) after Changi South Street 2. Avoid left lane.,Roadwork
23:30,1.377388250214635,103.92814225884648,(29/10)23:26 Vehicle breakdown on TPE (towards PIE) after Pasir Ris Dr 12 Exit.,Vehicle breakdown
23:30,1.3216119179723924,103.85622574232251,(29/10)23:09 Heavy Traffic on CTE (towards SLE) after Moulmein Rd Exit,Heavy Traffic
23:30,1.2951237413926961,103.8781126111442,(29/10)22:58 Obstacle on MCE (towards AYE) at Fort Rd Entrance.,Obstacle
23:30,1.3318773877099834,103.96590586925761,(29/10)22:02 Roadworks on Changi South Avenue 2 (towards Changi South Avenue 3) after Changi South Street 2. Avoid left lane.,Roadwork
23:32,1.3221907063866614,103.85674906480374,(29/10)23:28 Accident on CTE (towards SLE) after Moulmein Rd Exit. Avoid lane 1.,Accident
23:32,1.377388250214635,103.92814225884648,(29/10)23:26 Vehicle breakdown on TPE (towards PIE) after Pasir Ris Dr 12 Exit.,Vehicle breakdown
23:32,1.2951237413926961,103.8781126111442,(29/10)22:58 Obstacle on MCE (towards AYE) at Fort Rd Entrance.,Obstacle
23:32,1.3318773877099834,103.96590586925761,(29/10)22:02 Roadworks on Changi South Avenue 2 (towards Changi South Avenue 3) after Changi South Street 2. Avoid left lane.,Roadwork
23:34,1.3221907063866614,103.85674906480374,(29/10)23:28 Accident on CTE (towards SLE) after Moulmein Rd Exit with congestion till Bukit Timah Rd Entrance. Avoid lane 1.,Accident
23:34,1.377388250214635,103.92814225884648,(29/10)23:26 Vehicle breakdown on TPE (towards PIE) after Pasir Ris Dr 12 Exit.,Vehicle breakdown
23:34,1.2951237413926961,103.8781126111442,(29/10)22:58 Obstacle on MCE (towards AYE) at Fort Rd Entrance.,Obstacle
23:34,1.3318773877099834,103.96590586925761,(29/10)22:02 Roadworks on Changi South Avenue 2 (towards Changi South Avenue 3) after Changi South Street 2. Avoid left lane.,Roadwork
23:36,1.3221907063866614,103.85674906480374,(29/10)23:28 Accident on CTE (towards SLE) after Moulmein Rd Exit with congestion till Bukit Timah Rd Entrance. Avoid lane 1.,Accident
23:36,1.377388250214635,103.92814225884648,(29/10)23:26 Vehicle breakdown on TPE (towards PIE) after Pasir Ris Dr 12 Exit.,Vehicle breakdown
23:36,1.2951237413926961,103.8781126111442,(29/10)22:58 Obstacle on MCE (towards AYE) at Fort Rd Entrance.,Obstacle
23:36,1.3318773877099834,103.96590586925761,(29/10)22:02 Roadworks on Changi South Avenue 2 (towards Changi South Avenue 3) after Changi South Street 2. Avoid left lane.,Roadwork
23:38,1.3221907063866614,103.85674906480374,(29/10)23:28 Accident on CTE (towards SLE) after Moulmein Rd Exit with congestion till Bukit Timah Rd Entrance. Avoid lane 1.,Accident
23:38,1.377388250214635,103.92814225884648,(29/10)23:26 Vehicle breakdown on TPE (towards PIE) after Pasir Ris Dr 12 Exit.,Vehicle breakdown
23:38,1.2951237413926961,103.8781126111442,(29/10)22:58 Obstacle on MCE (towards AYE) at Fort Rd Entrance.,Obstacle
23:38,1.3318773877099834,103.96590586925761,(29/10)22:02 Roadworks on Changi South Avenue 2 (towards Changi South Avenue 3) after Changi South Street 2. Avoid left lane.,Roadwork
23:40,1.377388250214635,103.92814225884648,(29/10)23:26 Vehicle breakdown on TPE (towards PIE) after Pasir Ris Dr 12 Exit.,Vehicle breakdown
23:40,1.2951237413926961,103.8781126111442,(29/10)22:58 Obstacle on MCE (towards AYE) at Fort Rd Entrance.,Obstacle
23:40,1.3318773877099834,103.96590586925761,(29/10)22:02 Roadworks on Changi South Avenue 2 (towards Changi South Avenue 3) after Changi South Street 2. Avoid left lane.,Roadwork
23:42,1.377388250214635,103.92814225884648,(29/10)23:26 Vehicle breakdown on TPE (towards PIE) after Pasir Ris Dr 12 Exit.,Vehicle breakdown
23:42,1.2951237413926961,103.8781126111442,(29/10)22:58 Obstacle on MCE (towards AYE) at Fort Rd Entrance.,Obstacle
23:42,1.3318773877099834,103.96590586925761,(29/10)22:02 Roadworks on Changi South Avenue 2 (towards Changi South Avenue 3) after Changi South Street 2. Avoid left lane.,Roadwork
23:44,1.377388250214635,103.92814225884648,(29/10)23:26 Vehicle breakdown on TPE (towards PIE) after Pasir Ris Dr 12 Exit.,Vehicle breakdown
23:44,1.3318773877099834,103.96590586925761,(29/10)22:02 Roadworks on Changi South Avenue 2 (towards Changi South Avenue 3) after Changi South Street 2. Avoid left lane.,Roadwork
23:46,1.377388250214635,103.92814225884648,(29/10)23:30 Vehicle breakdown on TPE (towards PIE) after Pasir Ris Dr 12 Exit.,Vehicle breakdown
23:46,1.3221907063866614,103.85674906480374,(29/10)23:28 Heavy Traffic on CTE (towards SLE) after Moulmein Rd Exit,Heavy Traffic
23:46,1.3318773877099834,103.96590586925761,(29/10)22:02 Roadworks on Changi South Avenue 2 (towards Changi South Avenue 3) after Changi South Street 2. Avoid left lane.,Roadwork
23:48,1.377388250214635,103.92814225884648,(29/10)23:30 Vehicle breakdown on TPE (towards PIE) after Pasir Ris Dr 12 Exit.,Vehicle breakdown
23:48,1.3221907063866614,103.85674906480374,(29/10)23:28 Heavy Traffic on CTE (towards SLE) after Moulmein Rd Exit,Heavy Traffic
23:48,1.3318773877099834,103.96590586925761,(29/10)22:02 Roadworks on Changi South Avenue 2 (towards Changi South Avenue 3) after Changi South Street 2. Avoid left lane.,Roadwork
23:50,1.377388250214635,103.92814225884648,(29/10)23:30 Vehicle breakdown on TPE (towards PIE) after Pasir Ris Dr 12 Exit.,Vehicle breakdown
23:50,1.3221907063866614,103.85674906480374,(29/10)23:28 Heavy Traffic on CTE (towards SLE) after Moulmein Rd Exit,Heavy Traffic
23:50,1.3318773877099834,103.96590586925761,(29/10)22:02 Roadworks on Changi South Avenue 2 (towards Changi South Avenue 3) after Changi South Street 2. Avoid left lane.,Roadwork
23:52,1.377388250214635,103.92814225884648,(29/10)23:30 Vehicle breakdown on TPE (towards PIE) after Pasir Ris Dr 12 Exit.,Vehicle breakdown
23:52,1.3221907063866614,103.85674906480374,(29/10)23:28 Heavy Traffic on CTE (towards SLE) after Moulmein Rd Exit,Heavy Traffic
23:52,1.3318773877099834,103.96590586925761,(29/10)22:02 Roadworks on Changi South Avenue 2 (towards Changi South Avenue 3) after Changi South Street 2. Avoid left lane.,Roadwork
23:54,1.377388250214635,103.92814225884648,(29/10)23:30 Vehicle breakdown on TPE (towards PIE) after Pasir Ris Dr 12 Exit.,Vehicle breakdown
23:54,1.3221907063866614,103.85674906480374,(29/10)23:28 Heavy Traffic on CTE (towards SLE) after Moulmein Rd Exit,Heavy Traffic
23:54,1.3318773877099834,103.96590586925761,(29/10)22:02 Roadworks on Changi South Avenue 2 (towards Changi South Avenue 3) after Changi South Street 2. Avoid left lane.,Roadwork
23:56,1.377388250214635,103.92814225884648,(29/10)23:30 Vehicle breakdown on TPE (towards PIE) after Pasir Ris Dr 12 Exit.,Vehicle breakdown
23:56,1.3318773877099834,103.96590586925761,(29/10)22:02 Roadworks on Changi South Avenue 2 (towards Changi South Avenue 3) after Changi South Street 2. Avoid left lane.,Roadwork
23:58,1.377388250214635,103.92814225884648,(29/10)23:30 Vehicle breakdown on TPE (towards PIE) after Pasir Ris Dr 12 Exit.,Vehicle breakdown
23:58,1.3318773877099834,103.96590586925761,(29/10)22:02 Roadworks on Changi South Avenue 2 (towards Changi South Avenue 3) after Changi South Street 2. Avoid left lane.,Roadwork
